row_id,qa_id,fold
0,0,1
1,1,1
2,2,4
3,3,3
4,5,1
5,6,3
6,7,4
7,9,1
8,11,2
9,12,4
10,14,2
11,15,3
12,16,0
13,17,1
14,18,1
15,19,0
16,22,1
17,23,2
18,24,3
19,25,0
20,27,2
21,29,2
22,30,1
23,31,1
24,32,4
25,33,0
26,36,1
27,38,2
28,40,0
29,41,0
30,47,1
31,48,2
32,50,2
33,51,4
34,52,4
35,54,1
36,55,2
37,56,0
38,58,4
39,59,0
40,60,3
41,61,3
42,63,4
43,64,2
44,65,3
45,68,1
46,71,3
47,72,0
48,74,3
49,75,2
50,77,0
51,78,1
52,79,4
53,80,4
54,81,4
55,82,0
56,83,3
57,87,0
58,88,0
59,91,3
60,92,1
61,95,4
62,96,2
63,97,1
64,98,3
65,99,1
66,104,2
67,105,4
68,108,3
69,109,3
70,110,1
71,111,4
72,112,0
73,115,1
74,117,4
75,118,0
76,119,4
77,121,2
78,127,3
79,128,2
80,129,3
81,131,2
82,135,2
83,138,4
84,139,3
85,141,1
86,143,4
87,144,2
88,145,0
89,148,0
90,149,0
91,151,0
92,152,1
93,154,1
94,155,0
95,156,2
96,157,2
97,158,0
98,160,3
99,162,0
100,163,0
101,164,2
102,168,2
103,169,1
104,170,4
105,171,3
106,174,1
107,175,0
108,176,3
109,177,4
110,178,1
111,180,4
112,181,4
113,182,4
114,183,0
115,184,1
116,185,1
117,186,0
118,187,1
119,188,3
120,191,4
121,192,1
122,193,2
123,194,4
124,196,3
125,198,2
126,201,3
127,202,3
128,203,4
129,204,0
130,207,4
131,210,1
132,211,2
133,213,2
134,214,2
135,215,3
136,216,4
137,217,1
138,219,3
139,222,1
140,223,2
141,224,3
142,226,3
143,227,2
144,229,0
145,230,0
146,231,1
147,233,4
148,234,0
149,236,4
150,238,3
151,239,1
152,240,3
153,241,3
154,242,1
155,243,1
156,247,2
157,248,1
158,249,0
159,250,4
160,253,2
161,254,4
162,256,0
163,259,3
164,261,1
165,262,2
166,263,1
167,264,1
168,265,4
169,266,1
170,268,3
171,269,0
172,270,4
173,271,0
174,272,2
175,273,2
176,274,4
177,276,0
178,277,1
179,279,4
180,280,3
181,283,1
182,285,3
183,286,1
184,287,0
185,288,2
186,294,0
187,298,0
188,302,4
189,303,3
190,304,1
191,305,0
192,306,0
193,308,3
194,309,1
195,311,3
196,313,1
197,317,0
198,319,1
199,320,4
200,321,2
201,324,1
202,325,4
203,326,1
204,328,2
205,329,2
206,330,0
207,331,0
208,332,2
209,333,1
210,335,0
211,337,4
212,339,2
213,341,4
214,345,0
215,346,4
216,347,0
217,348,2
218,350,4
219,351,4
220,352,3
221,353,3
222,354,0
223,355,1
224,358,2
225,359,4
226,363,4
227,364,0
228,365,3
229,366,3
230,367,2
231,368,1
232,369,4
233,370,3
234,372,0
235,377,3
236,378,0
237,380,0
238,383,0
239,384,4
240,385,1
241,386,3
242,388,0
243,389,0
244,392,4
245,393,2
246,396,3
247,398,2
248,400,2
249,402,3
250,404,0
251,405,3
252,406,1
253,409,2
254,410,2
255,412,4
256,413,1
257,415,1
258,419,2
259,420,0
260,422,2
261,424,1
262,425,1
263,426,4
264,428,4
265,430,2
266,431,4
267,433,3
268,434,3
269,435,3
270,436,3
271,437,1
272,438,2
273,439,2
274,440,3
275,441,0
276,442,1
277,446,1
278,447,0
279,450,4
280,452,0
281,453,0
282,454,4
283,456,3
284,459,4
285,460,4
286,462,3
287,463,2
288,464,2
289,466,4
290,467,3
291,468,2
292,469,1
293,471,0
294,473,3
295,475,3
296,477,4
297,478,2
298,480,1
299,481,4
300,485,3
301,486,2
302,488,4
303,489,2
304,492,0
305,493,4
306,494,0
307,496,4
308,497,3
309,498,0
310,499,4
311,500,2
312,501,3
313,502,3
314,503,1
315,507,4
316,508,4
317,509,1
318,510,1
319,512,2
320,514,2
321,515,4
322,516,4
323,517,3
324,519,3
325,521,4
326,523,2
327,525,0
328,527,3
329,528,1
330,530,4
331,531,1
332,532,4
333,533,0
334,534,2
335,535,4
336,536,3
337,537,1
338,540,2
339,541,3
340,543,4
341,544,3
342,547,1
343,548,1
344,549,3
345,550,4
346,552,3
347,553,2
348,554,2
349,555,4
350,556,4
351,557,4
352,559,3
353,560,2
354,561,3
355,564,3
356,565,2
357,566,3
358,567,3
359,568,4
360,570,2
361,571,2
362,572,0
363,573,2
364,574,0
365,575,2
366,577,4
367,580,4
368,581,3
369,582,4
370,583,3
371,586,1
372,587,1
373,590,0
374,591,4
375,592,3
376,593,1
377,594,0
378,596,2
379,597,2
380,598,0
381,601,3
382,602,3
383,603,3
384,605,3
385,607,2
386,608,3
387,609,2
388,610,0
389,611,4
390,612,0
391,613,0
392,616,2
393,617,2
394,618,2
395,619,1
396,620,1
397,621,2
398,622,1
399,623,0
400,624,4
401,626,1
402,627,0
403,628,3
404,630,2
405,631,3
406,632,3
407,633,3
408,634,4
409,635,3
410,636,2
411,638,1
412,639,3
413,643,0
414,644,2
415,645,3
416,646,1
417,648,4
418,649,1
419,651,2
420,652,1
421,653,2
422,655,2
423,656,3
424,658,3
425,659,4
426,661,4
427,662,1
428,663,3
429,664,2
430,667,4
431,670,0
432,672,0
433,673,0
434,674,3
435,675,4
436,676,1
437,677,1
438,678,2
439,679,1
440,684,0
441,687,0
442,688,0
443,690,0
444,693,4
445,694,1
446,696,4
447,697,0
448,698,1
449,701,0
450,702,3
451,704,2
452,705,0
453,706,1
454,708,3
455,709,3
456,710,1
457,712,1
458,713,1
459,714,1
460,716,3
461,717,3
462,718,4
463,719,0
464,720,0
465,721,1
466,723,2
467,724,4
468,730,0
469,731,1
470,732,3
471,734,0
472,736,4
473,737,2
474,738,1
475,739,1
476,741,3
477,742,4
478,744,1
479,745,4
480,747,0
481,749,3
482,750,1
483,753,0
484,754,1
485,755,3
486,758,0
487,759,3
488,762,0
489,763,3
490,764,2
491,766,2
492,767,3
493,768,2
494,772,0
495,774,1
496,775,4
497,776,3
498,778,2
499,779,0
500,780,3
501,781,4
502,782,1
503,784,2
504,785,4
505,788,2
506,789,1
507,790,0
508,791,1
509,795,4
510,796,4
511,803,1
512,805,0
513,807,1
514,809,2
515,810,4
516,814,2
517,815,4
518,816,2
519,817,4
520,819,1
521,820,4
522,823,4
523,824,2
524,825,0
525,827,4
526,829,1
527,831,2
528,832,4
529,833,2
530,834,3
531,835,0
532,836,3
533,838,0
534,839,0
535,840,2
536,841,4
537,843,3
538,847,3
539,848,1
540,850,1
541,852,2
542,854,2
543,855,2
544,857,4
545,858,0
546,859,1
547,860,1
548,863,3
549,864,2
550,865,2
551,866,4
552,867,1
553,869,0
554,873,2
555,874,2
556,875,1
557,878,1
558,879,3
559,880,2
560,881,0
561,882,0
562,883,3
563,886,3
564,887,0
565,888,1
566,889,0
567,891,0
568,892,0
569,893,3
570,894,3
571,895,4
572,896,2
573,897,3
574,898,4
575,899,2
576,900,3
577,902,2
578,903,0
579,906,2
580,907,1
581,908,3
582,909,3
583,910,3
584,911,1
585,912,1
586,913,0
587,914,1
588,915,2
589,916,1
590,918,3
591,919,0
592,925,2
593,926,3
594,927,4
595,930,2
596,933,1
597,935,1
598,937,2
599,940,3
600,941,1
601,942,0
602,943,1
603,944,4
604,946,0
605,947,3
606,948,3
607,950,4
608,951,1
609,953,4
610,954,2
611,956,2
612,958,0
613,959,0
614,961,3
615,964,2
616,966,3
617,967,2
618,970,4
619,974,4
620,975,3
621,977,1
622,980,1
623,982,1
624,983,3
625,984,1
626,985,2
627,990,0
628,991,3
629,992,1
630,994,3
631,995,1
632,997,2
633,999,4
634,1000,3
635,1001,2
636,1004,3
637,1006,2
638,1009,4
639,1010,4
640,1011,4
641,1013,3
642,1015,4
643,1017,2
644,1018,2
645,1024,0
646,1025,4
647,1026,3
648,1029,3
649,1030,3
650,1031,1
651,1034,3
652,1035,4
653,1036,0
654,1040,4
655,1042,4
656,1043,3
657,1044,2
658,1047,2
659,1048,4
660,1049,0
661,1050,0
662,1051,4
663,1052,0
664,1053,2
665,1055,1
666,1057,0
667,1058,2
668,1059,3
669,1061,3
670,1063,4
671,1064,4
672,1065,4
673,1066,1
674,1067,0
675,1068,3
676,1069,4
677,1070,2
678,1071,1
679,1072,1
680,1073,0
681,1074,4
682,1077,2
683,1078,0
684,1080,2
685,1081,0
686,1083,0
687,1084,2
688,1086,0
689,1087,1
690,1088,4
691,1089,1
692,1092,3
693,1093,4
694,1095,0
695,1096,1
696,1098,1
697,1102,2
698,1103,3
699,1105,2
700,1106,1
701,1107,1
702,1111,1
703,1112,0
704,1113,1
705,1115,3
706,1116,0
707,1117,3
708,1120,4
709,1122,2
710,1123,0
711,1126,0
712,1129,3
713,1130,2
714,1131,0
715,1132,0
716,1133,4
717,1135,4
718,1137,4
719,1139,4
720,1141,4
721,1142,0
722,1146,1
723,1147,3
724,1149,2
725,1155,4
726,1156,0
727,1157,2
728,1160,0
729,1161,0
730,1162,0
731,1163,2
732,1165,3
733,1166,2
734,1167,2
735,1168,1
736,1169,1
737,1170,0
738,1172,1
739,1173,1
740,1174,0
741,1176,3
742,1177,3
743,1178,0
744,1179,4
745,1180,4
746,1181,0
747,1182,0
748,1184,2
749,1185,3
750,1186,4
751,1187,0
752,1188,3
753,1191,0
754,1192,1
755,1193,0
756,1197,4
757,1198,4
758,1199,4
759,1202,3
760,1203,2
761,1204,2
762,1205,4
763,1206,1
764,1207,0
765,1208,1
766,1209,4
767,1212,4
768,1213,4
769,1215,0
770,1217,4
771,1218,2
772,1219,3
773,1222,2
774,1225,4
775,1227,4
776,1235,2
777,1237,2
778,1239,0
779,1240,4
780,1241,4
781,1242,1
782,1244,4
783,1245,2
784,1246,0
785,1250,4
786,1251,0
787,1252,2
788,1253,3
789,1254,4
790,1255,2
791,1256,0
792,1257,1
793,1259,2
794,1260,3
795,1261,0
796,1262,0
797,1264,4
798,1267,4
799,1268,3
800,1269,0
801,1270,2
802,1271,4
803,1273,4
804,1274,3
805,1275,3
806,1276,3
807,1277,2
808,1279,0
809,1280,1
810,1283,1
811,1284,4
812,1285,4
813,1289,4
814,1290,0
815,1291,3
816,1292,2
817,1294,3
818,1296,4
819,1298,4
820,1299,1
821,1303,3
822,1305,3
823,1306,1
824,1307,2
825,1309,0
826,1311,0
827,1316,3
828,1320,0
829,1321,1
830,1322,1
831,1325,1
832,1326,3
833,1327,3
834,1328,4
835,1330,4
836,1332,1
837,1333,3
838,1334,4
839,1335,0
840,1337,3
841,1339,1
842,1340,1
843,1341,2
844,1342,2
845,1343,2
846,1345,0
847,1347,4
848,1350,2
849,1355,2
850,1356,0
851,1357,2
852,1358,0
853,1360,4
854,1361,3
855,1362,3
856,1364,3
857,1365,1
858,1366,1
859,1367,1
860,1368,0
861,1369,1
862,1370,4
863,1371,1
864,1372,3
865,1373,4
866,1374,2
867,1375,2
868,1376,1
869,1378,2
870,1380,1
871,1381,1
872,1384,3
873,1386,3
874,1387,1
875,1388,0
876,1389,4
877,1392,3
878,1395,2
879,1396,2
880,1400,0
881,1401,3
882,1402,2
883,1403,1
884,1404,2
885,1405,0
886,1406,2
887,1407,3
888,1409,1
889,1410,3
890,1411,1
891,1413,4
892,1416,2
893,1417,1
894,1418,0
895,1421,0
896,1422,0
897,1425,4
898,1426,1
899,1428,0
900,1429,1
901,1431,2
902,1433,3
903,1435,0
904,1436,3
905,1437,1
906,1438,4
907,1440,2
908,1441,4
909,1442,3
910,1443,4
911,1445,4
912,1447,3
913,1448,4
914,1450,4
915,1451,1
916,1452,1
917,1453,4
918,1455,2
919,1456,4
920,1457,2
921,1458,1
922,1459,1
923,1460,4
924,1461,1
925,1462,4
926,1463,1
927,1464,4
928,1465,1
929,1467,2
930,1468,2
931,1471,2
932,1478,3
933,1480,0
934,1483,4
935,1485,4
936,1486,2
937,1487,0
938,1488,0
939,1489,0
940,1490,4
941,1491,2
942,1492,3
943,1493,2
944,1494,2
945,1495,3
946,1497,2
947,1499,1
948,1503,1
949,1504,0
950,1506,3
951,1507,1
952,1508,2
953,1509,0
954,1511,4
955,1512,1
956,1513,3
957,1515,0
958,1516,4
959,1517,0
960,1520,4
961,1521,1
962,1522,1
963,1524,4
964,1527,4
965,1530,1
966,1532,0
967,1533,0
968,1534,0
969,1535,1
970,1536,1
971,1537,3
972,1540,0
973,1541,2
974,1543,1
975,1545,2
976,1546,1
977,1547,3
978,1548,2
979,1550,1
980,1551,3
981,1552,4
982,1554,2
983,1555,0
984,1556,0
985,1560,4
986,1561,2
987,1562,1
988,1563,0
989,1564,2
990,1565,0
991,1566,2
992,1568,0
993,1569,3
994,1571,3
995,1572,1
996,1573,3
997,1574,1
998,1576,4
999,1577,4
1000,1578,4
1001,1579,0
1002,1581,0
1003,1582,0
1004,1583,0
1005,1584,2
1006,1587,1
1007,1588,4
1008,1589,3
1009,1592,3
1010,1595,4
1011,1596,4
1012,1597,2
1013,1598,2
1014,1600,0
1015,1602,2
1016,1604,4
1017,1605,0
1018,1607,0
1019,1608,3
1020,1609,3
1021,1610,0
1022,1613,3
1023,1614,4
1024,1615,2
1025,1616,4
1026,1617,0
1027,1618,1
1028,1619,1
1029,1620,0
1030,1621,4
1031,1622,1
1032,1623,1
1033,1625,2
1034,1626,3
1035,1628,3
1036,1629,1
1037,1632,4
1038,1634,4
1039,1635,1
1040,1636,1
1041,1637,1
1042,1639,0
1043,1640,2
1044,1641,1
1045,1642,0
1046,1644,1
1047,1646,1
1048,1648,3
1049,1650,0
1050,1651,3
1051,1652,3
1052,1653,3
1053,1655,4
1054,1656,3
1055,1658,1
1056,1660,4
1057,1662,3
1058,1663,4
1059,1666,0
1060,1667,2
1061,1670,0
1062,1672,1
1063,1673,3
1064,1675,1
1065,1678,1
1066,1683,3
1067,1684,2
1068,1686,3
1069,1687,4
1070,1689,4
1071,1690,0
1072,1691,2
1073,1692,4
1074,1694,4
1075,1695,1
1076,1696,4
1077,1697,0
1078,1702,1
1079,1703,3
1080,1706,1
1081,1709,4
1082,1710,3
1083,1711,3
1084,1712,4
1085,1713,0
1086,1714,1
1087,1715,3
1088,1716,0
1089,1718,4
1090,1719,4
1091,1721,0
1092,1722,2
1093,1723,1
1094,1724,1
1095,1726,0
1096,1728,0
1097,1729,3
1098,1730,4
1099,1731,0
1100,1733,0
1101,1734,4
1102,1735,4
1103,1736,3
1104,1738,4
1105,1739,4
1106,1741,1
1107,1742,4
1108,1743,0
1109,1744,2
1110,1745,3
1111,1746,4
1112,1748,0
1113,1749,1
1114,1750,3
1115,1751,3
1116,1752,2
1117,1754,1
1118,1755,4
1119,1756,3
1120,1758,4
1121,1760,4
1122,1761,0
1123,1763,4
1124,1765,2
1125,1766,3
1126,1767,0
1127,1768,3
1128,1769,2
1129,1770,1
1130,1771,2
1131,1773,4
1132,1775,4
1133,1776,2
1134,1778,1
1135,1779,3
1136,1780,2
1137,1781,1
1138,1782,0
1139,1785,3
1140,1786,2
1141,1789,0
1142,1791,2
1143,1792,0
1144,1797,0
1145,1800,4
1146,1801,2
1147,1802,2
1148,1803,3
1149,1804,3
1150,1805,3
1151,1806,0
1152,1808,4
1153,1809,3
1154,1813,1
1155,1814,3
1156,1815,2
1157,1817,1
1158,1818,1
1159,1819,0
1160,1820,0
1161,1822,0
1162,1823,1
1163,1824,2
1164,1828,4
1165,1832,3
1166,1834,0
1167,1835,3
1168,1836,3
1169,1838,0
1170,1840,4
1171,1841,0
1172,1843,0
1173,1844,2
1174,1845,4
1175,1846,3
1176,1848,4
1177,1850,4
1178,1851,3
1179,1853,0
1180,1855,4
1181,1856,0
1182,1858,3
1183,1859,1
1184,1860,4
1185,1861,2
1186,1862,1
1187,1863,4
1188,1867,2
1189,1869,4
1190,1872,4
1191,1873,0
1192,1875,2
1193,1876,4
1194,1878,1
1195,1879,2
1196,1880,2
1197,1881,4
1198,1882,0
1199,1883,1
1200,1884,2
1201,1888,2
1202,1890,4
1203,1892,3
1204,1893,0
1205,1894,2
1206,1896,3
1207,1897,2
1208,1898,4
1209,1899,0
1210,1900,3
1211,1902,3
1212,1903,0
1213,1904,4
1214,1905,2
1215,1908,4
1216,1910,1
1217,1911,0
1218,1912,3
1219,1914,0
1220,1915,0
1221,1916,3
1222,1917,4
1223,1918,2
1224,1919,2
1225,1921,1
1226,1922,0
1227,1923,1
1228,1924,3
1229,1925,4
1230,1926,3
1231,1927,3
1232,1929,4
1233,1930,4
1234,1933,2
1235,1935,0
1236,1937,4
1237,1938,2
1238,1939,2
1239,1944,3
1240,1946,2
1241,1948,4
1242,1952,4
1243,1953,2
1244,1955,4
1245,1956,4
1246,1958,3
1247,1961,2
1248,1962,2
1249,1963,3
1250,1965,4
1251,1967,1
1252,1968,0
1253,1971,3
1254,1972,4
1255,1973,0
1256,1979,2
1257,1980,1
1258,1982,0
1259,1984,3
1260,1986,4
1261,1987,0
1262,1988,3
1263,1991,2
1264,1992,0
1265,1993,4
1266,1995,3
1267,1996,2
1268,1998,2
1269,2000,0
1270,2001,3
1271,2002,1
1272,2003,0
1273,2004,2
1274,2006,3
1275,2009,1
1276,2011,0
1277,2012,3
1278,2013,4
1279,2015,2
1280,2016,2
1281,2020,2
1282,2021,0
1283,2023,3
1284,2026,4
1285,2028,3
1286,2029,0
1287,2030,1
1288,2031,3
1289,2032,0
1290,2033,2
1291,2035,1
1292,2037,1
1293,2038,3
1294,2039,4
1295,2040,1
1296,2041,0
1297,2044,1
1298,2045,3
1299,2046,2
1300,2047,2
1301,2048,4
1302,2049,2
1303,2051,4
1304,2052,1
1305,2053,4
1306,2056,4
1307,2059,3
1308,2061,0
1309,2063,4
1310,2064,2
1311,2065,1
1312,2068,2
1313,2072,3
1314,2077,1
1315,2079,1
1316,2081,4
1317,2082,2
1318,2083,4
1319,2084,2
1320,2085,4
1321,2086,4
1322,2087,1
1323,2088,3
1324,2089,0
1325,2090,4
1326,2091,3
1327,2092,4
1328,2093,4
1329,2096,2
1330,2098,4
1331,2099,2
1332,2100,3
1333,2101,0
1334,2103,2
1335,2104,0
1336,2107,1
1337,2108,2
1338,2110,2
1339,2112,2
1340,2113,4
1341,2114,0
1342,2115,2
1343,2116,0
1344,2118,3
1345,2119,3
1346,2120,3
1347,2122,3
1348,2123,1
1349,2125,4
1350,2127,4
1351,2129,2
1352,2130,1
1353,2131,4
1354,2133,0
1355,2135,2
1356,2136,2
1357,2138,2
1358,2139,0
1359,2140,4
1360,2141,1
1361,2142,1
1362,2143,4
1363,2145,4
1364,2146,3
1365,2147,2
1366,2149,3
1367,2151,4
1368,2152,4
1369,2153,4
1370,2155,0
1371,2157,2
1372,2158,4
1373,2160,4
1374,2161,0
1375,2164,2
1376,2167,1
1377,2169,4
1378,2170,3
1379,2173,0
1380,2174,2
1381,2176,3
1382,2177,1
1383,2179,0
1384,2181,4
1385,2182,1
1386,2183,3
1387,2184,3
1388,2185,2
1389,2187,0
1390,2188,1
1391,2189,3
1392,2196,4
1393,2197,4
1394,2198,0
1395,2199,0
1396,2200,1
1397,2204,2
1398,2205,2
1399,2206,3
1400,2207,4
1401,2208,3
1402,2209,4
1403,2210,0
1404,2211,4
1405,2212,1
1406,2214,2
1407,2216,1
1408,2217,2
1409,2218,0
1410,2219,0
1411,2220,3
1412,2221,2
1413,2222,1
1414,2223,0
1415,2224,2
1416,2225,4
1417,2226,4
1418,2227,4
1419,2228,2
1420,2229,3
1421,2232,0
1422,2233,0
1423,2235,0
1424,2236,1
1425,2237,2
1426,2238,4
1427,2240,3
1428,2241,0
1429,2242,4
1430,2247,2
1431,2248,4
1432,2252,2
1433,2254,1
1434,2255,1
1435,2256,1
1436,2258,2
1437,2262,2
1438,2265,0
1439,2266,3
1440,2268,2
1441,2270,3
1442,2271,2
1443,2272,0
1444,2274,3
1445,2276,0
1446,2279,0
1447,2281,2
1448,2282,3
1449,2283,0
1450,2284,0
1451,2285,4
1452,2287,0
1453,2289,4
1454,2290,3
1455,2291,1
1456,2292,1
1457,2293,0
1458,2294,1
1459,2295,3
1460,2297,4
1461,2300,4
1462,2302,0
1463,2304,2
1464,2307,0
1465,2308,0
1466,2309,3
1467,2310,3
1468,2311,1
1469,2312,1
1470,2314,4
1471,2315,4
1472,2316,0
1473,2317,1
1474,2319,2
1475,2321,2
1476,2322,1
1477,2323,0
1478,2324,4
1479,2326,0
1480,2327,0
1481,2329,1
1482,2331,0
1483,2332,2
1484,2333,2
1485,2336,4
1486,2337,3
1487,2338,2
1488,2339,0
1489,2340,2
1490,2344,2
1491,2347,0
1492,2348,0
1493,2350,3
1494,2351,1
1495,2352,4
1496,2355,3
1497,2356,4
1498,2360,2
1499,2361,0
1500,2362,1
1501,2364,3
1502,2365,1
1503,2366,2
1504,2367,0
1505,2369,4
1506,2370,1
1507,2372,4
1508,2373,1
1509,2376,1
1510,2377,1
1511,2378,3
1512,2379,1
1513,2380,0
1514,2381,2
1515,2382,4
1516,2384,2
1517,2385,3
1518,2386,4
1519,2388,2
1520,2390,0
1521,2391,1
1522,2392,4
1523,2394,2
1524,2397,1
1525,2398,0
1526,2400,2
1527,2401,4
1528,2402,0
1529,2403,2
1530,2404,2
1531,2405,2
1532,2406,3
1533,2408,4
1534,2409,1
1535,2410,2
1536,2413,2
1537,2415,2
1538,2416,4
1539,2417,0
1540,2418,3
1541,2419,3
1542,2420,2
1543,2422,1
1544,2423,2
1545,2426,4
1546,2427,3
1547,2428,4
1548,2430,0
1549,2431,4
1550,2432,2
1551,2433,0
1552,2434,4
1553,2436,3
1554,2439,1
1555,2440,2
1556,2441,0
1557,2445,1
1558,2446,0
1559,2447,3
1560,2448,0
1561,2449,4
1562,2450,0
1563,2453,2
1564,2456,1
1565,2458,4
1566,2460,0
1567,2462,3
1568,2463,4
1569,2467,0
1570,2469,4
1571,2471,1
1572,2472,1
1573,2473,0
1574,2475,3
1575,2477,1
1576,2478,4
1577,2480,1
1578,2482,4
1579,2484,0
1580,2486,1
1581,2488,1
1582,2490,0
1583,2491,1
1584,2492,2
1585,2495,2
1586,2498,0
1587,2501,1
1588,2503,0
1589,2504,0
1590,2506,0
1591,2507,1
1592,2508,3
1593,2509,4
1594,2510,0
1595,2511,4
1596,2512,1
1597,2513,3
1598,2514,0
1599,2515,1
1600,2516,1
1601,2517,2
1602,2518,3
1603,2520,4
1604,2521,3
1605,2522,1
1606,2524,2
1607,2525,3
1608,2526,4
1609,2527,2
1610,2528,2
1611,2529,1
1612,2530,4
1613,2531,4
1614,2532,0
1615,2533,3
1616,2536,3
1617,2537,2
1618,2538,3
1619,2539,2
1620,2542,2
1621,2543,3
1622,2545,4
1623,2546,0
1624,2547,0
1625,2548,1
1626,2549,3
1627,2551,2
1628,2552,1
1629,2553,4
1630,2554,1
1631,2556,2
1632,2557,1
1633,2560,1
1634,2561,1
1635,2565,1
1636,2566,1
1637,2567,0
1638,2568,4
1639,2574,0
1640,2576,3
1641,2577,3
1642,2578,1
1643,2583,4
1644,2586,1
1645,2588,2
1646,2590,0
1647,2591,3
1648,2593,4
1649,2599,3
1650,2600,2
1651,2602,1
1652,2605,4
1653,2609,3
1654,2612,1
1655,2613,4
1656,2614,0
1657,2615,4
1658,2620,4
1659,2622,2
1660,2623,4
1661,2627,4
1662,2628,0
1663,2629,1
1664,2632,1
1665,2634,3
1666,2635,0
1667,2636,3
1668,2637,2
1669,2638,0
1670,2639,3
1671,2641,2
1672,2643,1
1673,2645,2
1674,2646,3
1675,2649,0
1676,2650,0
1677,2651,1
1678,2652,2
1679,2653,3
1680,2654,3
1681,2656,3
1682,2659,0
1683,2660,4
1684,2661,0
1685,2662,0
1686,2664,0
1687,2665,2
1688,2671,0
1689,2672,0
1690,2674,1
1691,2675,3
1692,2677,1
1693,2678,0
1694,2679,2
1695,2683,4
1696,2686,4
1697,2687,1
1698,2689,1
1699,2690,4
1700,2692,2
1701,2696,1
1702,2697,1
1703,2698,4
1704,2700,3
1705,2702,1
1706,2704,3
1707,2705,0
1708,2706,2
1709,2708,1
1710,2709,4
1711,2710,0
1712,2711,4
1713,2712,3
1714,2714,2
1715,2716,0
1716,2718,1
1717,2719,0
1718,2720,1
1719,2721,2
1720,2722,0
1721,2725,0
1722,2726,0
1723,2727,1
1724,2728,3
1725,2729,2
1726,2730,4
1727,2731,1
1728,2732,1
1729,2735,0
1730,2737,2
1731,2738,2
1732,2739,0
1733,2740,2
1734,2742,2
1735,2744,3
1736,2746,1
1737,2747,3
1738,2749,4
1739,2750,4
1740,2751,4
1741,2752,1
1742,2754,4
1743,2755,2
1744,2759,4
1745,2760,2
1746,2762,3
1747,2764,1
1748,2768,1
1749,2769,2
1750,2771,0
1751,2775,3
1752,2776,3
1753,2777,3
1754,2778,0
1755,2779,3
1756,2782,3
1757,2784,0
1758,2786,1
1759,2787,0
1760,2790,0
1761,2792,3
1762,2796,0
1763,2798,1
1764,2799,0
1765,2801,3
1766,2803,2
1767,2804,1
1768,2807,0
1769,2808,0
1770,2812,3
1771,2813,3
1772,2814,1
1773,2815,3
1774,2817,1
1775,2818,0
1776,2819,0
1777,2822,4
1778,2823,4
1779,2824,0
1780,2827,2
1781,2830,3
1782,2831,4
1783,2834,2
1784,2835,3
1785,2836,4
1786,2838,1
1787,2839,0
1788,2840,0
1789,2841,3
1790,2843,0
1791,2845,3
1792,2846,3
1793,2847,2
1794,2848,4
1795,2851,0
1796,2853,2
1797,2854,3
1798,2856,2
1799,2857,2
1800,2858,3
1801,2859,2
1802,2860,0
1803,2861,2
1804,2863,3
1805,2864,0
1806,2866,1
1807,2867,0
1808,2869,2
1809,2870,0
1810,2873,3
1811,2874,3
1812,2875,1
1813,2876,0
1814,2878,2
1815,2880,1
1816,2881,0
1817,2883,3
1818,2884,4
1819,2887,4
1820,2888,4
1821,2890,3
1822,2891,1
1823,2892,1
1824,2893,1
1825,2894,4
1826,2896,3
1827,2898,1
1828,2899,4
1829,2900,1
1830,2901,3
1831,2902,2
1832,2908,0
1833,2910,2
1834,2911,3
1835,2913,1
1836,2914,4
1837,2915,3
1838,2916,3
1839,2918,3
1840,2919,0
1841,2921,1
1842,2923,4
1843,2925,4
1844,2926,3
1845,2927,4
1846,2928,3
1847,2930,3
1848,2932,1
1849,2933,2
1850,2934,0
1851,2937,4
1852,2938,0
1853,2940,3
1854,2945,2
1855,2947,2
1856,2948,2
1857,2952,3
1858,2953,4
1859,2954,0
1860,2955,3
1861,2956,3
1862,2959,4
1863,2960,2
1864,2962,4
1865,2963,0
1866,2964,4
1867,2965,4
1868,2966,0
1869,2970,2
1870,2971,4
1871,2972,0
1872,2973,3
1873,2974,3
1874,2975,4
1875,2978,4
1876,2979,1
1877,2980,0
1878,2981,1
1879,2982,1
1880,2984,3
1881,2988,4
1882,2992,3
1883,2993,3
1884,2995,1
1885,2999,3
1886,3001,4
1887,3002,0
1888,3005,2
1889,3009,3
1890,3010,4
1891,3011,3
1892,3012,4
1893,3014,1
1894,3016,2
1895,3017,2
1896,3018,0
1897,3019,3
1898,3020,4
1899,3023,1
1900,3027,3
1901,3029,4
1902,3030,2
1903,3035,2
1904,3036,4
1905,3037,4
1906,3038,0
1907,3039,0
1908,3040,1
1909,3041,0
1910,3042,2
1911,3043,4
1912,3044,3
1913,3045,2
1914,3046,1
1915,3047,3
1916,3048,0
1917,3051,1
1918,3054,4
1919,3056,4
1920,3057,1
1921,3058,2
1922,3059,3
1923,3063,1
1924,3066,2
1925,3071,0
1926,3072,1
1927,3073,2
1928,3074,0
1929,3076,1
1930,3077,0
1931,3078,0
1932,3079,2
1933,3081,3
1934,3083,4
1935,3086,3
1936,3088,4
1937,3090,1
1938,3091,4
1939,3092,0
1940,3093,3
1941,3095,4
1942,3096,4
1943,3098,0
1944,3099,3
1945,3100,1
1946,3103,4
1947,3105,0
1948,3106,3
1949,3108,1
1950,3109,2
1951,3110,2
1952,3111,4
1953,3112,1
1954,3113,1
1955,3114,2
1956,3117,4
1957,3118,0
1958,3119,0
1959,3122,3
1960,3124,3
1961,3125,2
1962,3126,3
1963,3127,4
1964,3128,4
1965,3129,0
1966,3131,0
1967,3133,1
1968,3134,2
1969,3137,3
1970,3138,4
1971,3139,1
1972,3142,3
1973,3143,1
1974,3146,1
1975,3147,3
1976,3148,3
1977,3151,3
1978,3152,0
1979,3153,3
1980,3154,4
1981,3158,4
1982,3159,4
1983,3160,2
1984,3161,1
1985,3163,0
1986,3164,2
1987,3165,1
1988,3168,3
1989,3169,3
1990,3172,2
1991,3179,1
1992,3180,0
1993,3185,4
1994,3186,3
1995,3187,0
1996,3189,2
1997,3190,0
1998,3191,3
1999,3192,1
2000,3193,4
2001,3195,2
2002,3196,3
2003,3197,4
2004,3198,2
2005,3200,1
2006,3201,3
2007,3202,1
2008,3203,1
2009,3204,1
2010,3206,3
2011,3208,4
2012,3209,2
2013,3211,0
2014,3212,4
2015,3213,1
2016,3216,3
2017,3217,4
2018,3218,2
2019,3219,3
2020,3221,3
2021,3223,4
2022,3225,3
2023,3226,0
2024,3227,0
2025,3230,0
2026,3231,2
2027,3232,0
2028,3234,1
2029,3235,2
2030,3236,3
2031,3237,2
2032,3239,0
2033,3240,1
2034,3241,1
2035,3243,4
2036,3244,0
2037,3245,2
2038,3246,3
2039,3247,0
2040,3249,2
2041,3251,0
2042,3254,0
2043,3256,3
2044,3258,1
2045,3259,0
2046,3260,4
2047,3264,2
2048,3266,0
2049,3267,0
2050,3269,2
2051,3271,4
2052,3272,4
2053,3273,3
2054,3274,3
2055,3276,0
2056,3278,1
2057,3279,0
2058,3280,3
2059,3281,0
2060,3282,0
2061,3284,1
2062,3285,4
2063,3286,3
2064,3289,3
2065,3293,0
2066,3294,2
2067,3295,4
2068,3297,4
2069,3298,0
2070,3299,2
2071,3301,2
2072,3302,3
2073,3303,3
2074,3304,1
2075,3306,4
2076,3307,3
2077,3308,1
2078,3309,1
2079,3311,1
2080,3312,0
2081,3314,0
2082,3315,2
2083,3317,4
2084,3318,4
2085,3321,0
2086,3323,2
2087,3325,3
2088,3326,0
2089,3327,1
2090,3328,2
2091,3332,2
2092,3333,4
2093,3334,0
2094,3335,3
2095,3337,4
2096,3338,3
2097,3339,0
2098,3340,2
2099,3341,4
2100,3342,1
2101,3344,0
2102,3346,0
2103,3347,1
2104,3349,3
2105,3350,1
2106,3351,2
2107,3353,1
2108,3356,2
2109,3357,0
2110,3358,2
2111,3359,1
2112,3361,1
2113,3362,4
2114,3367,3
2115,3368,2
2116,3369,1
2117,3371,2
2118,3373,1
2119,3374,2
2120,3376,4
2121,3377,3
2122,3379,1
2123,3380,1
2124,3382,0
2125,3384,3
2126,3385,3
2127,3387,3
2128,3388,3
2129,3389,4
2130,3393,3
2131,3394,3
2132,3396,2
2133,3397,2
2134,3400,3
2135,3401,0
2136,3402,1
2137,3404,4
2138,3406,0
2139,3407,1
2140,3408,2
2141,3411,3
2142,3413,1
2143,3415,4
2144,3416,0
2145,3417,3
2146,3418,2
2147,3419,3
2148,3423,1
2149,3425,2
2150,3427,3
2151,3429,0
2152,3430,0
2153,3431,3
2154,3433,3
2155,3435,3
2156,3436,2
2157,3438,4
2158,3441,0
2159,3443,4
2160,3444,4
2161,3446,2
2162,3447,0
2163,3449,4
2164,3452,0
2165,3453,3
2166,3454,1
2167,3455,0
2168,3457,1
2169,3458,2
2170,3460,0
2171,3462,3
2172,3464,3
2173,3465,0
2174,3466,3
2175,3467,4
2176,3468,1
2177,3469,1
2178,3470,0
2179,3471,1
2180,3473,4
2181,3474,4
2182,3475,4
2183,3476,0
2184,3477,1
2185,3479,2
2186,3481,1
2187,3482,4
2188,3485,4
2189,3486,4
2190,3487,4
2191,3489,4
2192,3490,0
2193,3492,4
2194,3495,4
2195,3498,2
2196,3500,4
2197,3501,2
2198,3505,0
2199,3506,1
2200,3507,4
2201,3508,3
2202,3509,2
2203,3510,0
2204,3511,3
2205,3513,4
2206,3514,3
2207,3515,4
2208,3516,2
2209,3518,4
2210,3519,1
2211,3521,1
2212,3522,3
2213,3523,0
2214,3528,1
2215,3529,4
2216,3530,3
2217,3531,1
2218,3537,1
2219,3538,3
2220,3539,1
2221,3540,0
2222,3541,4
2223,3546,2
2224,3547,2
2225,3549,4
2226,3550,2
2227,3551,3
2228,3552,0
2229,3553,2
2230,3556,0
2231,3557,3
2232,3559,4
2233,3562,4
2234,3563,1
2235,3565,0
2236,3566,1
2237,3567,2
2238,3568,1
2239,3569,4
2240,3570,4
2241,3571,0
2242,3573,3
2243,3575,1
2244,3578,3
2245,3580,0
2246,3581,0
2247,3582,0
2248,3584,3
2249,3586,4
2250,3587,0
2251,3588,3
2252,3590,0
2253,3591,1
2254,3593,1
2255,3595,1
2256,3597,1
2257,3598,3
2258,3600,0
2259,3601,0
2260,3602,1
2261,3604,1
2262,3605,0
2263,3607,0
2264,3608,3
2265,3609,1
2266,3611,3
2267,3612,3
2268,3615,4
2269,3616,3
2270,3617,1
2271,3619,1
2272,3620,4
2273,3622,0
2274,3623,0
2275,3624,4
2276,3625,2
2277,3627,2
2278,3630,3
2279,3631,0
2280,3634,2
2281,3636,1
2282,3637,3
2283,3639,4
2284,3640,1
2285,3641,0
2286,3643,4
2287,3644,2
2288,3646,1
2289,3647,3
2290,3649,1
2291,3651,3
2292,3652,1
2293,3653,3
2294,3657,4
2295,3659,2
2296,3660,1
2297,3661,2
2298,3662,4
2299,3663,4
2300,3664,3
2301,3665,1
2302,3666,1
2303,3667,4
2304,3670,4
2305,3674,1
2306,3677,4
2307,3679,0
2308,3680,0
2309,3683,0
2310,3686,0
2311,3687,3
2312,3688,1
2313,3690,2
2314,3691,4
2315,3692,0
2316,3694,0
2317,3695,0
2318,3697,0
2319,3701,0
2320,3702,4
2321,3703,3
2322,3704,0
2323,3705,1
2324,3706,0
2325,3707,0
2326,3709,4
2327,3710,2
2328,3711,2
2329,3712,0
2330,3714,4
2331,3715,4
2332,3716,0
2333,3717,1
2334,3719,1
2335,3722,0
2336,3724,2
2337,3725,4
2338,3727,1
2339,3728,4
2340,3729,2
2341,3731,1
2342,3732,2
2343,3733,2
2344,3735,1
2345,3739,2
2346,3740,3
2347,3742,4
2348,3744,2
2349,3746,0
2350,3747,1
2351,3748,4
2352,3749,2
2353,3750,2
2354,3752,1
2355,3753,4
2356,3756,0
2357,3759,3
2358,3760,2
2359,3761,3
2360,3762,3
2361,3764,1
2362,3766,2
2363,3768,4
2364,3769,3
2365,3771,2
2366,3772,3
2367,3773,3
2368,3774,4
2369,3776,0
2370,3779,1
2371,3781,4
2372,3782,4
2373,3783,4
2374,3784,2
2375,3786,0
2376,3788,0
2377,3789,4
2378,3790,2
2379,3791,3
2380,3792,1
2381,3795,2
2382,3797,2
2383,3802,0
2384,3804,4
2385,3805,4
2386,3806,2
2387,3807,4
2388,3811,4
2389,3812,4
2390,3815,4
2391,3816,4
2392,3817,1
2393,3820,4
2394,3821,0
2395,3824,3
2396,3825,3
2397,3826,3
2398,3828,0
2399,3829,0
2400,3831,4
2401,3832,3
2402,3834,3
2403,3836,1
2404,3837,0
2405,3840,4
2406,3842,0
2407,3843,1
2408,3844,3
2409,3845,1
2410,3846,4
2411,3847,0
2412,3849,0
2413,3851,4
2414,3852,1
2415,3853,2
2416,3855,3
2417,3856,4
2418,3857,2
2419,3858,1
2420,3859,2
2421,3861,4
2422,3862,4
2423,3864,0
2424,3865,4
2425,3866,1
2426,3867,1
2427,3868,0
2428,3873,0
2429,3874,3
2430,3875,2
2431,3878,4
2432,3880,1
2433,3882,4
2434,3883,2
2435,3884,2
2436,3886,3
2437,3889,4
2438,3890,4
2439,3892,0
2440,3895,3
2441,3896,3
2442,3899,4
2443,3900,3
2444,3902,1
2445,3903,2
2446,3905,4
2447,3906,0
2448,3907,2
2449,3909,0
2450,3911,4
2451,3913,2
2452,3914,4
2453,3915,2
2454,3917,3
2455,3918,4
2456,3919,0
2457,3920,1
2458,3921,2
2459,3922,4
2460,3923,2
2461,3924,0
2462,3926,4
2463,3928,4
2464,3930,1
2465,3932,4
2466,3933,2
2467,3934,1
2468,3935,3
2469,3936,3
2470,3937,4
2471,3938,3
2472,3939,2
2473,3940,0
2474,3942,2
2475,3944,2
2476,3947,2
2477,3948,2
2478,3950,0
2479,3951,3
2480,3952,4
2481,3953,4
2482,3954,4
2483,3955,1
2484,3957,0
2485,3959,3
2486,3964,3
2487,3965,0
2488,3969,3
2489,3970,3
2490,3971,1
2491,3972,1
2492,3974,1
2493,3975,4
2494,3978,3
2495,3979,0
2496,3981,3
2497,3983,0
2498,3984,2
2499,3986,3
2500,3987,2
2501,3988,0
2502,3989,3
2503,3990,1
2504,3994,2
2505,3995,2
2506,3996,0
2507,3997,2
2508,4000,1
2509,4001,0
2510,4004,1
2511,4007,2
2512,4008,0
2513,4009,3
2514,4010,3
2515,4013,2
2516,4014,3
2517,4016,4
2518,4017,0
2519,4019,4
2520,4020,0
2521,4023,0
2522,4024,0
2523,4025,1
2524,4026,1
2525,4027,0
2526,4028,2
2527,4029,4
2528,4031,1
2529,4032,3
2530,4033,4
2531,4034,2
2532,4035,0
2533,4036,0
2534,4038,1
2535,4040,0
2536,4041,1
2537,4042,4
2538,4044,1
2539,4045,0
2540,4046,2
2541,4047,0
2542,4048,3
2543,4049,2
2544,4050,0
2545,4052,0
2546,4053,4
2547,4054,2
2548,4055,0
2549,4056,1
2550,4060,1
2551,4062,1
2552,4064,1
2553,4065,2
2554,4066,2
2555,4067,3
2556,4068,2
2557,4069,2
2558,4071,0
2559,4072,0
2560,4074,1
2561,4076,0
2562,4077,0
2563,4078,3
2564,4079,0
2565,4083,3
2566,4085,4
2567,4087,1
2568,4089,4
2569,4090,1
2570,4091,2
2571,4092,0
2572,4093,3
2573,4094,4
2574,4095,0
2575,4096,4
2576,4100,0
2577,4101,1
2578,4104,3
2579,4105,4
2580,4106,4
2581,4107,1
2582,4108,0
2583,4109,1
2584,4110,3
2585,4112,1
2586,4113,1
2587,4115,2
2588,4117,1
2589,4118,3
2590,4120,1
2591,4121,0
2592,4122,3
2593,4123,2
2594,4125,4
2595,4127,4
2596,4129,3
2597,4131,0
2598,4132,3
2599,4135,3
2600,4137,2
2601,4138,0
2602,4140,2
2603,4142,0
2604,4143,1
2605,4146,4
2606,4148,4
2607,4149,2
2608,4150,4
2609,4152,1
2610,4153,3
2611,4154,2
2612,4155,3
2613,4156,1
2614,4158,1
2615,4159,2
2616,4161,0
2617,4162,1
2618,4163,2
2619,4164,3
2620,4168,2
2621,4169,0
2622,4170,1
2623,4171,2
2624,4172,3
2625,4173,1
2626,4174,3
2627,4175,2
2628,4177,0
2629,4178,1
2630,4180,4
2631,4184,2
2632,4185,2
2633,4186,2
2634,4187,0
2635,4191,0
2636,4193,0
2637,4194,4
2638,4195,1
2639,4196,1
2640,4198,1
2641,4199,0
2642,4200,4
2643,4201,1
2644,4202,0
2645,4204,4
2646,4205,4
2647,4206,4
2648,4207,0
2649,4208,0
2650,4209,2
2651,4210,3
2652,4216,0
2653,4217,3
2654,4223,2
2655,4226,3
2656,4227,1
2657,4228,1
2658,4230,2
2659,4232,2
2660,4233,3
2661,4234,1
2662,4235,2
2663,4240,1
2664,4243,3
2665,4244,1
2666,4246,2
2667,4247,2
2668,4248,4
2669,4253,1
2670,4254,4
2671,4256,2
2672,4257,4
2673,4258,4
2674,4260,0
2675,4265,0
2676,4266,3
2677,4268,0
2678,4270,4
2679,4271,0
2680,4272,1
2681,4275,3
2682,4276,0
2683,4277,2
2684,4280,0
2685,4282,3
2686,4283,4
2687,4287,0
2688,4289,4
2689,4291,2
2690,4292,1
2691,4293,0
2692,4294,0
2693,4295,2
2694,4296,4
2695,4297,2
2696,4299,1
2697,4300,2
2698,4302,3
2699,4305,4
2700,4306,2
2701,4308,1
2702,4309,3
2703,4312,3
2704,4314,4
2705,4315,4
2706,4316,1
2707,4317,1
2708,4318,4
2709,4319,4
2710,4322,4
2711,4324,2
2712,4325,3
2713,4326,0
2714,4327,0
2715,4328,1
2716,4329,1
2717,4330,4
2718,4333,3
2719,4334,3
2720,4335,0
2721,4336,0
2722,4337,2
2723,4338,3
2724,4341,2
2725,4342,2
2726,4347,3
2727,4348,0
2728,4349,1
2729,4350,2
2730,4351,3
2731,4352,2
2732,4353,4
2733,4354,1
2734,4355,4
2735,4357,3
2736,4360,3
2737,4363,4
2738,4367,0
2739,4368,0
2740,4369,1
2741,4371,1
2742,4374,0
2743,4375,0
2744,4376,4
2745,4377,4
2746,4378,1
2747,4379,3
2748,4380,1
2749,4382,2
2750,4383,4
2751,4385,1
2752,4386,3
2753,4389,2
2754,4390,0
2755,4392,0
2756,4393,2
2757,4394,2
2758,4395,4
2759,4397,0
2760,4398,2
2761,4400,3
2762,4402,0
2763,4404,2
2764,4405,0
2765,4406,3
2766,4409,3
2767,4410,0
2768,4412,2
2769,4413,0
2770,4414,3
2771,4415,3
2772,4417,2
2773,4418,2
2774,4419,2
2775,4421,0
2776,4422,0
2777,4423,3
2778,4424,3
2779,4425,4
2780,4429,2
2781,4430,3
2782,4431,3
2783,4432,3
2784,4435,1
2785,4436,0
2786,4438,2
2787,4440,1
2788,4444,0
2789,4446,2
2790,4449,0
2791,4450,2
2792,4451,0
2793,4452,1
2794,4453,0
2795,4455,2
2796,4456,1
2797,4457,1
2798,4459,1
2799,4460,2
2800,4461,1
2801,4462,4
2802,4467,1
2803,4468,0
2804,4469,1
2805,4470,1
2806,4471,3
2807,4472,0
2808,4473,2
2809,4474,0
2810,4475,3
2811,4476,2
2812,4477,2
2813,4479,3
2814,4480,1
2815,4483,1
2816,4484,4
2817,4486,4
2818,4487,1
2819,4488,3
2820,4489,3
2821,4490,0
2822,4491,1
2823,4492,4
2824,4495,1
2825,4498,2
2826,4500,1
2827,4501,1
2828,4502,0
2829,4504,0
2830,4505,3
2831,4506,2
2832,4507,0
2833,4508,4
2834,4509,0
2835,4511,3
2836,4512,0
2837,4513,1
2838,4515,0
2839,4516,2
2840,4520,0
2841,4521,2
2842,4525,1
2843,4526,2
2844,4527,4
2845,4528,3
2846,4529,4
2847,4530,1
2848,4531,3
2849,4534,4
2850,4535,4
2851,4539,3
2852,4540,2
2853,4542,3
2854,4543,3
2855,4545,0
2856,4548,2
2857,4549,1
2858,4550,2
2859,4552,1
2860,4553,1
2861,4554,1
2862,4555,4
2863,4558,1
2864,4560,4
2865,4561,0
2866,4562,2
2867,4563,0
2868,4565,4
2869,4566,0
2870,4567,1
2871,4568,0
2872,4570,4
2873,4572,4
2874,4574,3
2875,4576,3
2876,4577,4
2877,4579,2
2878,4582,1
2879,4583,4
2880,4585,4
2881,4586,1
2882,4587,0
2883,4588,4
2884,4589,2
2885,4591,4
2886,4592,2
2887,4593,0
2888,4594,2
2889,4595,0
2890,4597,4
2891,4600,2
2892,4601,0
2893,4602,0
2894,4603,0
2895,4604,4
2896,4606,1
2897,4609,1
2898,4610,0
2899,4611,0
2900,4612,4
2901,4614,4
2902,4617,4
2903,4618,2
2904,4619,1
2905,4621,3
2906,4622,4
2907,4623,3
2908,4625,3
2909,4626,1
2910,4627,1
2911,4629,0
2912,4632,0
2913,4634,0
2914,4636,3
2915,4639,0
2916,4640,3
2917,4641,3
2918,4644,1
2919,4646,2
2920,4647,1
2921,4648,0
2922,4649,1
2923,4650,1
2924,4652,2
2925,4657,2
2926,4658,1
2927,4659,4
2928,4661,0
2929,4664,0
2930,4666,0
2931,4667,2
2932,4670,3
2933,4671,0
2934,4672,1
2935,4673,0
2936,4675,4
2937,4676,3
2938,4678,4
2939,4680,4
2940,4681,4
2941,4682,1
2942,4683,2
2943,4684,3
2944,4686,1
2945,4687,1
2946,4689,3
2947,4690,3
2948,4691,2
2949,4692,2
2950,4694,4
2951,4695,4
2952,4696,2
2953,4698,2
2954,4699,3
2955,4702,3
2956,4703,0
2957,4704,2
2958,4705,3
2959,4706,0
2960,4708,0
2961,4710,4
2962,4711,3
2963,4713,1
2964,4716,2
2965,4719,2
2966,4720,1
2967,4721,3
2968,4722,4
2969,4723,0
2970,4725,1
2971,4726,0
2972,4727,2
2973,4728,2
2974,4729,2
2975,4732,4
2976,4734,0
2977,4735,1
2978,4737,4
2979,4739,4
2980,4740,3
2981,4741,0
2982,4749,3
2983,4755,1
2984,4758,1
2985,4760,4
2986,4761,3
2987,4763,1
2988,4764,2
2989,4767,3
2990,4768,3
2991,4769,2
2992,4770,2
2993,4771,4
2994,4774,2
2995,4775,1
2996,4776,0
2997,4777,1
2998,4779,4
2999,4780,4
3000,4781,1
3001,4783,2
3002,4786,3
3003,4787,0
3004,4788,0
3005,4789,0
3006,4790,0
3007,4791,1
3008,4794,4
3009,4795,4
3010,4797,3
3011,4799,4
3012,4805,0
3013,4806,4
3014,4807,0
3015,4808,2
3016,4809,4
3017,4810,3
3018,4812,3
3019,4813,1
3020,4814,3
3021,4815,3
3022,4816,2
3023,4817,2
3024,4819,2
3025,4820,4
3026,4822,2
3027,4826,4
3028,4827,1
3029,4828,3
3030,4829,1
3031,4830,0
3032,4832,2
3033,4833,0
3034,4838,1
3035,4842,3
3036,4843,2
3037,4845,4
3038,4846,2
3039,4847,3
3040,4848,2
3041,4849,1
3042,4850,1
3043,4851,4
3044,4852,1
3045,4853,2
3046,4854,0
3047,4855,1
3048,4856,1
3049,4857,4
3050,4859,0
3051,4860,4
3052,4862,2
3053,4863,2
3054,4864,0
3055,4866,2
3056,4867,2
3057,4869,3
3058,4871,3
3059,4873,0
3060,4874,2
3061,4875,3
3062,4876,1
3063,4878,3
3064,4880,3
3065,4882,4
3066,4883,4
3067,4884,0
3068,4886,3
3069,4887,1
3070,4888,0
3071,4889,2
3072,4890,3
3073,4892,1
3074,4895,2
3075,4896,4
3076,4897,1
3077,4898,3
3078,4899,2
3079,4900,2
3080,4902,1
3081,4905,1
3082,4906,2
3083,4907,2
3084,4909,1
3085,4912,0
3086,4914,2
3087,4917,0
3088,4918,3
3089,4919,3
3090,4920,3
3091,4921,1
3092,4922,4
3093,4924,0
3094,4925,4
3095,4930,3
3096,4933,1
3097,4934,1
3098,4935,0
3099,4936,2
3100,4937,3
3101,4938,1
3102,4939,3
3103,4942,2
3104,4943,3
3105,4945,1
3106,4946,0
3107,4948,3
3108,4952,1
3109,4953,1
3110,4956,2
3111,4957,4
3112,4959,3
3113,4961,1
3114,4962,3
3115,4963,1
3116,4964,4
3117,4965,4
3118,4967,1
3119,4969,1
3120,4972,1
3121,4974,0
3122,4975,2
3123,4976,0
3124,4977,0
3125,4978,2
3126,4979,3
3127,4980,2
3128,4981,0
3129,4983,4
3130,4988,2
3131,4989,2
3132,4990,1
3133,4991,2
3134,4992,4
3135,4996,1
3136,4997,2
3137,4998,3
3138,4999,1
3139,5004,1
3140,5005,0
3141,5006,1
3142,5007,4
3143,5008,1
3144,5009,0
3145,5010,3
3146,5011,2
3147,5012,3
3148,5013,0
3149,5014,3
3150,5016,4
3151,5018,1
3152,5020,0
3153,5022,4
3154,5024,0
3155,5026,4
3156,5027,3
3157,5028,4
3158,5029,2
3159,5030,0
3160,5031,1
3161,5032,0
3162,5033,3
3163,5036,4
3164,5037,4
3165,5039,0
3166,5041,0
3167,5044,2
3168,5045,1
3169,5046,2
3170,5047,3
3171,5048,4
3172,5052,2
3173,5053,2
3174,5055,1
3175,5058,4
3176,5060,4
3177,5062,3
3178,5063,4
3179,5066,1
3180,5067,3
3181,5069,2
3182,5070,4
3183,5071,1
3184,5073,1
3185,5074,1
3186,5077,4
3187,5078,0
3188,5080,1
3189,5083,1
3190,5084,2
3191,5085,1
3192,5086,4
3193,5087,1
3194,5092,0
3195,5093,2
3196,5094,4
3197,5096,0
3198,5097,1
3199,5098,3
3200,5099,1
3201,5102,1
3202,5103,0
3203,5105,3
3204,5106,4
3205,5108,1
3206,5110,1
3207,5112,3
3208,5115,3
3209,5118,2
3210,5119,3
3211,5121,4
3212,5122,1
3213,5124,3
3214,5126,1
3215,5129,1
3216,5131,1
3217,5133,4
3218,5135,4
3219,5136,0
3220,5138,3
3221,5139,3
3222,5140,2
3223,5142,3
3224,5144,3
3225,5145,3
3226,5147,0
3227,5148,4
3228,5150,1
3229,5151,3
3230,5153,3
3231,5154,4
3232,5155,1
3233,5156,0
3234,5157,1
3235,5158,4
3236,5159,2
3237,5160,3
3238,5163,0
3239,5164,2
3240,5165,0
3241,5166,0
3242,5169,4
3243,5170,0
3244,5173,4
3245,5174,0
3246,5175,2
3247,5178,1
3248,5179,4
3249,5180,0
3250,5181,1
3251,5182,3
3252,5184,1
3253,5185,2
3254,5187,3
3255,5188,2
3256,5192,1
3257,5193,1
3258,5196,1
3259,5197,4
3260,5198,1
3261,5199,2
3262,5200,2
3263,5201,1
3264,5202,3
3265,5203,4
3266,5204,3
3267,5206,2
3268,5207,2
3269,5209,1
3270,5210,1
3271,5211,1
3272,5212,0
3273,5214,0
3274,5217,0
3275,5219,0
3276,5220,2
3277,5221,4
3278,5222,0
3279,5224,3
3280,5225,2
3281,5228,3
3282,5229,3
3283,5235,1
3284,5237,3
3285,5238,3
3286,5239,1
3287,5240,3
3288,5241,2
3289,5243,2
3290,5244,4
3291,5246,3
3292,5247,0
3293,5249,0
3294,5254,1
3295,5256,3
3296,5258,1
3297,5259,4
3298,5260,2
3299,5263,0
3300,5264,2
3301,5266,4
3302,5267,0
3303,5268,0
3304,5270,2
3305,5272,3
3306,5275,0
3307,5277,3
3308,5278,4
3309,5279,2
3310,5280,4
3311,5281,4
3312,5284,4
3313,5288,3
3314,5289,4
3315,5290,3
3316,5292,3
3317,5293,3
3318,5296,4
3319,5298,4
3320,5299,0
3321,5300,2
3322,5302,4
3323,5305,2
3324,5306,0
3325,5308,0
3326,5309,1
3327,5310,4
3328,5313,2
3329,5314,2
3330,5318,4
3331,5319,0
3332,5320,3
3333,5321,0
3334,5323,2
3335,5324,2
3336,5325,3
3337,5326,3
3338,5327,0
3339,5328,4
3340,5331,2
3341,5332,3
3342,5333,1
3343,5335,2
3344,5336,0
3345,5337,2
3346,5338,4
3347,5339,3
3348,5341,4
3349,5342,1
3350,5344,2
3351,5347,4
3352,5349,1
3353,5350,3
3354,5351,2
3355,5352,0
3356,5354,0
3357,5355,3
3358,5356,3
3359,5357,0
3360,5361,3
3361,5363,2
3362,5364,4
3363,5365,0
3364,5366,0
3365,5368,0
3366,5371,0
3367,5374,1
3368,5375,1
3369,5376,2
3370,5377,4
3371,5379,2
3372,5380,2
3373,5381,2
3374,5382,1
3375,5383,2
3376,5384,2
3377,5385,4
3378,5386,0
3379,5388,4
3380,5390,0
3381,5391,4
3382,5392,4
3383,5393,2
3384,5394,1
3385,5395,1
3386,5398,0
3387,5399,0
3388,5401,0
3389,5402,2
3390,5404,1
3391,5407,2
3392,5410,1
3393,5411,1
3394,5412,2
3395,5413,1
3396,5414,0
3397,5416,0
3398,5418,3
3399,5420,0
3400,5421,3
3401,5423,1
3402,5424,0
3403,5425,4
3404,5426,0
3405,5427,4
3406,5428,4
3407,5429,2
3408,5430,1
3409,5431,0
3410,5432,2
3411,5433,2
3412,5434,4
3413,5435,3
3414,5436,3
3415,5438,2
3416,5439,0
3417,5440,1
3418,5441,3
3419,5443,2
3420,5444,4
3421,5445,1
3422,5446,3
3423,5447,2
3424,5448,0
3425,5450,4
3426,5451,2
3427,5452,2
3428,5453,4
3429,5454,4
3430,5456,0
3431,5457,3
3432,5458,4
3433,5459,3
3434,5460,0
3435,5461,3
3436,5463,1
3437,5464,3
3438,5468,2
3439,5470,3
3440,5472,3
3441,5475,1
3442,5477,2
3443,5480,1
3444,5481,4
3445,5482,4
3446,5483,1
3447,5484,4
3448,5485,1
3449,5490,3
3450,5491,2
3451,5492,2
3452,5493,0
3453,5495,2
3454,5497,3
3455,5504,4
3456,5506,2
3457,5507,1
3458,5508,4
3459,5509,2
3460,5511,4
3461,5512,4
3462,5515,3
3463,5516,4
3464,5517,3
3465,5519,1
3466,5520,2
3467,5521,2
3468,5524,3
3469,5527,3
3470,5531,2
3471,5535,3
3472,5536,0
3473,5538,3
3474,5539,2
3475,5540,4
3476,5543,3
3477,5544,2
3478,5547,1
3479,5548,1
3480,5552,4
3481,5557,2
3482,5560,0
3483,5561,0
3484,5562,3
3485,5563,0
3486,5564,0
3487,5565,1
3488,5567,4
3489,5568,4
3490,5570,2
3491,5571,1
3492,5572,4
3493,5573,0
3494,5575,4
3495,5576,2
3496,5577,4
3497,5578,0
3498,5579,4
3499,5580,3
3500,5581,3
3501,5582,3
3502,5583,1
3503,5587,4
3504,5590,3
3505,5592,4
3506,5593,3
3507,5594,1
3508,5597,0
3509,5598,4
3510,5599,2
3511,5600,4
3512,5601,3
3513,5603,3
3514,5604,1
3515,5605,4
3516,5607,1
3517,5608,4
3518,5609,4
3519,5610,4
3520,5613,3
3521,5614,2
3522,5615,3
3523,5616,3
3524,5618,1
3525,5619,1
3526,5620,3
3527,5624,3
3528,5625,1
3529,5626,2
3530,5627,3
3531,5629,4
3532,5630,1
3533,5636,1
3534,5638,2
3535,5639,0
3536,5640,4
3537,5641,1
3538,5643,4
3539,5644,0
3540,5647,3
3541,5648,4
3542,5652,4
3543,5653,3
3544,5654,0
3545,5655,4
3546,5656,1
3547,5657,3
3548,5658,1
3549,5659,3
3550,5662,2
3551,5666,2
3552,5667,1
3553,5669,4
3554,5672,2
3555,5673,4
3556,5680,2
3557,5682,2
3558,5683,0
3559,5684,3
3560,5686,0
3561,5690,1
3562,5694,4
3563,5695,2
3564,5698,0
3565,5700,0
3566,5701,3
3567,5702,1
3568,5703,4
3569,5704,3
3570,5707,0
3571,5708,0
3572,5709,2
3573,5710,4
3574,5711,0
3575,5715,1
3576,5716,1
3577,5717,0
3578,5718,2
3579,5719,3
3580,5720,1
3581,5722,4
3582,5723,4
3583,5724,2
3584,5725,4
3585,5726,0
3586,5727,2
3587,5729,1
3588,5730,1
3589,5731,2
3590,5732,3
3591,5734,4
3592,5736,4
3593,5738,2
3594,5739,4
3595,5740,0
3596,5741,4
3597,5742,3
3598,5743,0
3599,5746,3
3600,5747,4
3601,5748,3
3602,5749,3
3603,5751,1
3604,5752,2
3605,5754,4
3606,5755,3
3607,5757,1
3608,5760,0
3609,5762,3
3610,5763,2
3611,5764,0
3612,5767,4
3613,5768,4
3614,5770,0
3615,5771,1
3616,5774,2
3617,5775,4
3618,5776,2
3619,5780,3
3620,5782,4
3621,5784,3
3622,5785,3
3623,5786,0
3624,5787,3
3625,5788,1
3626,5789,3
3627,5791,2
3628,5792,2
3629,5793,2
3630,5795,0
3631,5796,1
3632,5797,2
3633,5799,4
3634,5800,4
3635,5803,1
3636,5804,0
3637,5805,1
3638,5806,4
3639,5807,1
3640,5809,4
3641,5810,0
3642,5811,2
3643,5814,4
3644,5815,0
3645,5817,0
3646,5818,2
3647,5819,1
3648,5822,3
3649,5823,1
3650,5825,4
3651,5826,4
3652,5827,0
3653,5828,3
3654,5829,0
3655,5830,3
3656,5831,3
3657,5832,2
3658,5836,2
3659,5838,2
3660,5839,0
3661,5841,1
3662,5842,0
3663,5843,4
3664,5844,3
3665,5845,2
3666,5848,4
3667,5849,3
3668,5850,3
3669,5851,0
3670,5852,0
3671,5854,3
3672,5855,0
3673,5856,4
3674,5858,1
3675,5859,3
3676,5860,4
3677,5863,3
3678,5865,3
3679,5866,2
3680,5868,3
3681,5870,0
3682,5871,0
3683,5872,3
3684,5873,0
3685,5874,4
3686,5875,2
3687,5876,3
3688,5877,4
3689,5879,1
3690,5880,1
3691,5881,3
3692,5882,4
3693,5885,3
3694,5887,4
3695,5888,2
3696,5890,4
3697,5893,4
3698,5894,1
3699,5896,1
3700,5899,0
3701,5901,4
3702,5902,4
3703,5903,4
3704,5906,1
3705,5908,4
3706,5909,2
3707,5912,0
3708,5915,4
3709,5916,0
3710,5917,0
3711,5919,3
3712,5921,2
3713,5922,4
3714,5923,4
3715,5924,4
3716,5925,0
3717,5926,4
3718,5929,2
3719,5930,1
3720,5931,3
3721,5932,1
3722,5933,2
3723,5934,3
3724,5935,3
3725,5937,1
3726,5939,4
3727,5940,1
3728,5941,2
3729,5942,3
3730,5943,2
3731,5944,4
3732,5945,3
3733,5948,3
3734,5949,0
3735,5950,2
3736,5951,1
3737,5952,3
3738,5955,4
3739,5956,4
3740,5957,1
3741,5959,2
3742,5962,4
3743,5964,3
3744,5965,4
3745,5966,4
3746,5967,2
3747,5969,4
3748,5970,3
3749,5973,2
3750,5974,3
3751,5976,0
3752,5977,1
3753,5978,2
3754,5981,4
3755,5982,1
3756,5983,2
3757,5984,4
3758,5985,1
3759,5986,4
3760,5987,4
3761,5988,1
3762,5989,3
3763,5990,1
3764,5991,0
3765,5992,2
3766,5995,4
3767,5999,3
3768,6000,1
3769,6001,0
3770,6003,3
3771,6004,3
3772,6005,3
3773,6006,2
3774,6007,4
3775,6008,4
3776,6009,0
3777,6010,1
3778,6012,4
3779,6013,0
3780,6014,3
3781,6015,2
3782,6017,0
3783,6018,3
3784,6019,1
3785,6020,0
3786,6021,4
3787,6022,1
3788,6023,3
3789,6024,0
3790,6026,1
3791,6028,0
3792,6029,1
3793,6030,0
3794,6031,2
3795,6033,0
3796,6035,3
3797,6036,4
3798,6037,1
3799,6039,4
3800,6040,0
3801,6041,3
3802,6045,4
3803,6046,0
3804,6047,4
3805,6048,3
3806,6049,4
3807,6052,2
3808,6053,4
3809,6054,1
3810,6055,2
3811,6059,3
3812,6061,0
3813,6063,3
3814,6064,2
3815,6066,2
3816,6067,3
3817,6068,0
3818,6070,1
3819,6071,0
3820,6072,4
3821,6073,3
3822,6080,2
3823,6081,2
3824,6082,0
3825,6084,2
3826,6088,2
3827,6089,4
3828,6092,3
3829,6093,4
3830,6094,1
3831,6095,0
3832,6096,3
3833,6097,1
3834,6099,2
3835,6100,1
3836,6101,4
3837,6103,2
3838,6104,4
3839,6105,3
3840,6106,3
3841,6107,2
3842,6108,4
3843,6110,4
3844,6112,0
3845,6113,2
3846,6115,1
3847,6116,3
3848,6117,2
3849,6118,4
3850,6121,0
3851,6122,4
3852,6123,1
3853,6127,3
3854,6131,4
3855,6133,3
3856,6134,3
3857,6139,2
3858,6140,4
3859,6142,4
3860,6143,3
3861,6144,4
3862,6148,0
3863,6150,2
3864,6151,1
3865,6152,1
3866,6155,4
3867,6157,2
3868,6158,0
3869,6160,2
3870,6161,1
3871,6162,3
3872,6166,3
3873,6167,2
3874,6168,3
3875,6171,4
3876,6172,4
3877,6174,3
3878,6176,4
3879,6178,3
3880,6181,3
3881,6183,2
3882,6185,1
3883,6188,4
3884,6189,3
3885,6191,1
3886,6192,0
3887,6193,4
3888,6194,3
3889,6195,4
3890,6196,0
3891,6197,1
3892,6199,2
3893,6200,0
3894,6202,1
3895,6205,4
3896,6206,3
3897,6207,0
3898,6213,4
3899,6215,3
3900,6216,0
3901,6217,4
3902,6218,0
3903,6220,0
3904,6221,2
3905,6222,0
3906,6227,0
3907,6230,1
3908,6231,1
3909,6232,4
3910,6234,0
3911,6236,4
3912,6238,3
3913,6239,3
3914,6240,3
3915,6241,4
3916,6244,1
3917,6247,3
3918,6248,1
3919,6249,2
3920,6250,3
3921,6252,1
3922,6253,3
3923,6257,2
3924,6261,3
3925,6262,3
3926,6263,2
3927,6264,0
3928,6265,0
3929,6266,2
3930,6268,3
3931,6270,0
3932,6273,1
3933,6275,3
3934,6277,3
3935,6278,0
3936,6279,2
3937,6281,3
3938,6282,0
3939,6287,0
3940,6288,1
3941,6290,4
3942,6291,1
3943,6293,2
3944,6294,1
3945,6295,0
3946,6298,3
3947,6299,0
3948,6300,2
3949,6302,4
3950,6303,2
3951,6305,3
3952,6306,4
3953,6307,2
3954,6309,0
3955,6311,0
3956,6312,1
3957,6314,4
3958,6316,1
3959,6320,3
3960,6322,2
3961,6323,4
3962,6324,4
3963,6326,0
3964,6327,0
3965,6328,2
3966,6330,3
3967,6333,1
3968,6335,2
3969,6337,2
3970,6338,3
3971,6339,1
3972,6341,3
3973,6342,1
3974,6343,0
3975,6344,1
3976,6345,4
3977,6348,1
3978,6350,0
3979,6352,4
3980,6354,1
3981,6355,0
3982,6358,2
3983,6359,0
3984,6361,2
3985,6363,1
3986,6364,0
3987,6365,1
3988,6366,3
3989,6367,1
3990,6368,3
3991,6370,0
3992,6372,1
3993,6373,3
3994,6376,3
3995,6380,4
3996,6381,3
3997,6382,2
3998,6385,4
3999,6388,4
4000,6389,3
4001,6390,0
4002,6391,3
4003,6393,3
4004,6394,0
4005,6395,4
4006,6396,3
4007,6398,4
4008,6400,1
4009,6402,1
4010,6403,1
4011,6405,3
4012,6407,0
4013,6408,4
4014,6409,1
4015,6410,2
4016,6411,3
4017,6414,3
4018,6415,1
4019,6416,0
4020,6417,0
4021,6419,4
4022,6421,0
4023,6423,0
4024,6424,2
4025,6427,1
4026,6428,4
4027,6429,3
4028,6430,1
4029,6431,4
4030,6435,1
4031,6437,2
4032,6439,3
4033,6441,4
4034,6442,2
4035,6443,3
4036,6444,0
4037,6447,2
4038,6448,0
4039,6449,3
4040,6450,4
4041,6452,2
4042,6453,1
4043,6454,2
4044,6456,4
4045,6457,2
4046,6459,2
4047,6460,0
4048,6462,3
4049,6463,1
4050,6464,0
4051,6465,2
4052,6467,0
4053,6470,2
4054,6471,2
4055,6473,2
4056,6474,3
4057,6475,4
4058,6476,0
4059,6477,1
4060,6478,4
4061,6480,0
4062,6482,2
4063,6485,1
4064,6487,3
4065,6488,4
4066,6489,4
4067,6490,2
4068,6491,1
4069,6492,0
4070,6497,2
4071,6498,1
4072,6499,0
4073,6501,0
4074,6503,0
4075,6506,4
4076,6508,4
4077,6509,0
4078,6510,4
4079,6511,2
4080,6513,4
4081,6515,2
4082,6516,2
4083,6518,4
4084,6519,0
4085,6520,1
4086,6522,1
4087,6523,2
4088,6524,2
4089,6525,0
4090,6526,4
4091,6527,0
4092,6528,4
4093,6529,0
4094,6530,2
4095,6533,0
4096,6534,1
4097,6535,1
4098,6536,2
4099,6538,3
4100,6539,0
4101,6543,0
4102,6544,4
4103,6547,2
4104,6549,1
4105,6551,4
4106,6554,0
4107,6555,3
4108,6558,0
4109,6559,0
4110,6561,1
4111,6562,1
4112,6565,0
4113,6566,4
4114,6567,2
4115,6569,4
4116,6570,4
4117,6571,1
4118,6572,2
4119,6573,3
4120,6574,0
4121,6575,1
4122,6577,4
4123,6579,3
4124,6582,4
4125,6584,0
4126,6586,2
4127,6590,4
4128,6591,3
4129,6592,0
4130,6593,1
4131,6595,4
4132,6596,1
4133,6597,4
4134,6598,0
4135,6599,0
4136,6600,2
4137,6601,2
4138,6602,4
4139,6604,1
4140,6605,0
4141,6607,0
4142,6609,3
4143,6611,2
4144,6612,4
4145,6613,0
4146,6614,3
4147,6615,4
4148,6616,2
4149,6617,3
4150,6618,0
4151,6619,2
4152,6620,1
4153,6622,2
4154,6624,3
4155,6626,1
4156,6627,2
4157,6628,4
4158,6629,2
4159,6630,3
4160,6631,3
4161,6632,1
4162,6633,4
4163,6635,4
4164,6636,2
4165,6637,2
4166,6638,1
4167,6639,4
4168,6642,1
4169,6644,2
4170,6648,3
4171,6655,0
4172,6656,2
4173,6659,2
4174,6662,0
4175,6663,1
4176,6664,4
4177,6666,4
4178,6667,2
4179,6668,4
4180,6669,3
4181,6671,4
4182,6672,2
4183,6673,0
4184,6674,2
4185,6676,4
4186,6677,4
4187,6678,3
4188,6680,1
4189,6681,4
4190,6682,1
4191,6684,1
4192,6685,2
4193,6686,1
4194,6687,1
4195,6689,3
4196,6690,2
4197,6691,4
4198,6693,4
4199,6697,0
4200,6698,3
4201,6700,2
4202,6701,3
4203,6703,1
4204,6704,4
4205,6705,0
4206,6706,4
4207,6707,1
4208,6708,4
4209,6710,2
4210,6711,2
4211,6713,0
4212,6714,0
4213,6718,1
4214,6719,4
4215,6720,3
4216,6721,2
4217,6725,3
4218,6727,2
4219,6730,3
4220,6732,3
4221,6734,4
4222,6735,2
4223,6736,0
4224,6738,4
4225,6739,0
4226,6740,4
4227,6741,2
4228,6742,0
4229,6743,4
4230,6746,1
4231,6747,0
4232,6748,1
4233,6749,4
4234,6750,3
4235,6752,2
4236,6753,2
4237,6756,0
4238,6758,0
4239,6760,1
4240,6761,2
4241,6762,2
4242,6763,3
4243,6764,3
4244,6765,3
4245,6767,2
4246,6768,3
4247,6771,0
4248,6772,4
4249,6776,2
4250,6777,0
4251,6778,3
4252,6779,1
4253,6780,2
4254,6782,4
4255,6783,3
4256,6784,3
4257,6787,3
4258,6788,4
4259,6789,3
4260,6790,0
4261,6792,3
4262,6794,3
4263,6795,0
4264,6798,0
4265,6799,3
4266,6800,3
4267,6803,1
4268,6805,2
4269,6806,0
4270,6807,1
4271,6808,3
4272,6809,4
4273,6810,0
4274,6811,0
4275,6812,2
4276,6814,4
4277,6815,4
4278,6818,0
4279,6819,1
4280,6822,1
4281,6823,4
4282,6824,2
4283,6825,4
4284,6826,2
4285,6827,4
4286,6828,0
4287,6829,3
4288,6831,4
4289,6833,0
4290,6836,0
4291,6837,3
4292,6841,1
4293,6843,4
4294,6845,1
4295,6846,0
4296,6848,2
4297,6849,0
4298,6850,0
4299,6853,3
4300,6854,2
4301,6855,1
4302,6857,4
4303,6858,3
4304,6859,4
4305,6860,4
4306,6861,1
4307,6862,3
4308,6863,2
4309,6864,2
4310,6867,4
4311,6868,0
4312,6869,1
4313,6870,4
4314,6871,3
4315,6872,2
4316,6873,0
4317,6874,3
4318,6875,2
4319,6876,0
4320,6878,3
4321,6880,1
4322,6881,4
4323,6882,3
4324,6885,0
4325,6890,1
4326,6891,0
4327,6892,0
4328,6893,3
4329,6894,0
4330,6895,4
4331,6897,3
4332,6899,0
4333,6900,3
4334,6901,3
4335,6902,2
4336,6904,2
4337,6908,0
4338,6910,4
4339,6911,4
4340,6912,4
4341,6913,3
4342,6917,2
4343,6918,3
4344,6919,1
4345,6920,1
4346,6921,1
4347,6922,4
4348,6923,4
4349,6924,1
4350,6925,2
4351,6926,4
4352,6927,2
4353,6928,2
4354,6929,1
4355,6930,2
4356,6931,4
4357,6932,1
4358,6933,4
4359,6934,1
4360,6935,0
4361,6936,4
4362,6937,1
4363,6939,2
4364,6940,0
4365,6944,2
4366,6945,2
4367,6946,4
4368,6947,2
4369,6950,1
4370,6951,0
4371,6953,0
4372,6954,1
4373,6958,3
4374,6960,4
4375,6961,3
4376,6962,0
4377,6963,2
4378,6965,3
4379,6966,4
4380,6967,0
4381,6968,2
4382,6969,3
4383,6972,1
4384,6973,2
4385,6974,0
4386,6975,3
4387,6976,1
4388,6977,0
4389,6978,0
4390,6979,2
4391,6980,2
4392,6981,1
4393,6982,0
4394,6983,1
4395,6984,3
4396,6986,2
4397,6987,2
4398,6989,4
4399,6990,2
4400,6991,0
4401,6993,2
4402,6996,2
4403,6997,2
4404,6998,3
4405,6999,3
4406,7000,4
4407,7002,3
4408,7003,3
4409,7004,2
4410,7005,0
4411,7006,4
4412,7007,4
4413,7008,4
4414,7009,2
4415,7014,0
4416,7015,4
4417,7017,1
4418,7019,0
4419,7021,2
4420,7022,3
4421,7024,4
4422,7025,1
4423,7027,1
4424,7028,2
4425,7031,4
4426,7032,4
4427,7033,3
4428,7034,3
4429,7035,1
4430,7037,0
4431,7038,0
4432,7039,1
4433,7040,3
4434,7041,3
4435,7042,0
4436,7044,2
4437,7045,0
4438,7046,2
4439,7048,4
4440,7049,2
4441,7050,1
4442,7051,1
4443,7052,1
4444,7053,2
4445,7056,2
4446,7058,2
4447,7059,1
4448,7060,1
4449,7061,0
4450,7062,2
4451,7063,4
4452,7065,2
4453,7066,2
4454,7068,2
4455,7070,1
4456,7071,2
4457,7073,3
4458,7075,0
4459,7076,2
4460,7077,3
4461,7078,0
4462,7082,3
4463,7084,4
4464,7085,1
4465,7086,1
4466,7087,1
4467,7089,3
4468,7090,4
4469,7091,4
4470,7092,4
4471,7094,4
4472,7095,1
4473,7096,2
4474,7097,2
4475,7098,2
4476,7099,1
4477,7100,4
4478,7101,1
4479,7102,2
4480,7103,1
4481,7104,4
4482,7107,1
4483,7108,0
4484,7110,0
4485,7111,1
4486,7112,2
4487,7115,2
4488,7117,4
4489,7119,0
4490,7120,0
4491,7121,0
4492,7122,2
4493,7125,1
4494,7126,0
4495,7128,1
4496,7129,2
4497,7130,3
4498,7133,2
4499,7134,0
4500,7135,4
4501,7136,0
4502,7137,4
4503,7138,3
4504,7139,0
4505,7141,2
4506,7142,3
4507,7143,1
4508,7144,3
4509,7147,4
4510,7148,1
4511,7151,3
4512,7152,4
4513,7154,4
4514,7156,0
4515,7157,4
4516,7158,2
4517,7159,0
4518,7160,2
4519,7161,0
4520,7162,3
4521,7166,1
4522,7167,1
4523,7168,0
4524,7169,1
4525,7170,1
4526,7171,0
4527,7173,2
4528,7175,2
4529,7177,1
4530,7180,2
4531,7182,4
4532,7183,4
4533,7184,1
4534,7185,2
4535,7186,1
4536,7189,1
4537,7190,2
4538,7191,1
4539,7192,1
4540,7193,0
4541,7195,1
4542,7196,2
4543,7197,2
4544,7198,3
4545,7200,4
4546,7203,3
4547,7204,4
4548,7205,1
4549,7207,2
4550,7209,3
4551,7210,1
4552,7212,3
4553,7213,0
4554,7214,4
4555,7215,1
4556,7217,0
4557,7219,1
4558,7221,4
4559,7223,4
4560,7227,0
4561,7229,2
4562,7231,4
4563,7232,2
4564,7233,1
4565,7234,1
4566,7236,0
4567,7237,0
4568,7238,3
4569,7240,0
4570,7241,2
4571,7242,1
4572,7243,1
4573,7244,0
4574,7246,2
4575,7253,2
4576,7256,0
4577,7257,4
4578,7258,2
4579,7259,0
4580,7260,2
4581,7262,1
4582,7263,4
4583,7264,0
4584,7265,0
4585,7267,3
4586,7268,0
4587,7269,1
4588,7270,4
4589,7271,2
4590,7274,4
4591,7275,1
4592,7277,3
4593,7279,3
4594,7280,2
4595,7282,1
4596,7287,1
4597,7288,0
4598,7290,4
4599,7291,3
4600,7294,3
4601,7297,0
4602,7298,0
4603,7299,1
4604,7300,0
4605,7301,3
4606,7303,4
4607,7306,0
4608,7307,2
4609,7308,0
4610,7309,4
4611,7312,2
4612,7313,2
4613,7314,1
4614,7315,0
4615,7316,0
4616,7318,2
4617,7319,2
4618,7320,4
4619,7322,2
4620,7323,3
4621,7324,1
4622,7328,4
4623,7331,4
4624,7334,1
4625,7337,1
4626,7338,4
4627,7341,1
4628,7342,3
4629,7343,2
4630,7344,4
4631,7346,2
4632,7347,3
4633,7350,2
4634,7351,2
4635,7352,1
4636,7353,2
4637,7355,2
4638,7356,0
4639,7358,1
4640,7359,0
4641,7360,4
4642,7362,3
4643,7363,3
4644,7364,4
4645,7365,4
4646,7367,4
4647,7368,3
4648,7369,0
4649,7372,0
4650,7373,2
4651,7374,1
4652,7375,4
4653,7376,1
4654,7377,2
4655,7378,1
4656,7379,1
4657,7381,1
4658,7382,3
4659,7383,0
4660,7384,2
4661,7385,1
4662,7386,0
4663,7388,3
4664,7389,0
4665,7390,2
4666,7391,1
4667,7394,1
4668,7395,0
4669,7398,4
4670,7399,2
4671,7400,2
4672,7401,0
4673,7403,1
4674,7405,3
4675,7408,2
4676,7412,3
4677,7413,1
4678,7414,4
4679,7415,0
4680,7417,4
4681,7418,4
4682,7421,4
4683,7423,3
4684,7424,0
4685,7426,3
4686,7429,3
4687,7432,1
4688,7433,3
4689,7435,1
4690,7437,1
4691,7439,1
4692,7440,2
4693,7441,3
4694,7444,1
4695,7445,0
4696,7446,4
4697,7447,2
4698,7449,4
4699,7450,3
4700,7451,1
4701,7453,3
4702,7455,0
4703,7457,0
4704,7458,4
4705,7459,4
4706,7460,0
4707,7462,0
4708,7464,4
4709,7465,2
4710,7466,3
4711,7471,1
4712,7474,4
4713,7475,3
4714,7476,0
4715,7479,3
4716,7482,2
4717,7483,3
4718,7484,0
4719,7487,1
4720,7488,4
4721,7489,2
4722,7493,2
4723,7495,1
4724,7497,0
4725,7499,2
4726,7500,4
4727,7501,1
4728,7502,1
4729,7503,3
4730,7504,0
4731,7505,0
4732,7506,1
4733,7507,3
4734,7508,1
4735,7509,1
4736,7511,2
4737,7513,0
4738,7516,1
4739,7517,3
4740,7518,1
4741,7521,0
4742,7523,1
4743,7527,2
4744,7528,1
4745,7529,2
4746,7530,1
4747,7532,1
4748,7534,1
4749,7535,3
4750,7536,4
4751,7537,2
4752,7538,4
4753,7539,2
4754,7540,4
4755,7547,1
4756,7548,0
4757,7549,4
4758,7550,3
4759,7553,0
4760,7557,3
4761,7560,0
4762,7562,3
4763,7563,3
4764,7565,0
4765,7566,3
4766,7568,1
4767,7569,0
4768,7570,0
4769,7571,3
4770,7572,1
4771,7575,3
4772,7578,4
4773,7580,0
4774,7582,3
4775,7583,3
4776,7584,3
4777,7585,3
4778,7587,1
4779,7588,0
4780,7592,2
4781,7593,3
4782,7594,4
4783,7596,0
4784,7597,1
4785,7598,3
4786,7599,0
4787,7602,4
4788,7603,0
4789,7604,1
4790,7605,3
4791,7607,1
4792,7608,0
4793,7609,4
4794,7613,2
4795,7615,2
4796,7618,0
4797,7621,0
4798,7622,1
4799,7624,2
4800,7626,1
4801,7628,3
4802,7631,3
4803,7632,3
4804,7633,3
4805,7635,2
4806,7636,3
4807,7637,0
4808,7638,4
4809,7641,3
4810,7642,1
4811,7643,4
4812,7646,3
4813,7649,1
4814,7650,1
4815,7652,3
4816,7653,2
4817,7655,2
4818,7657,4
4819,7659,2
4820,7660,1
4821,7661,3
4822,7664,2
4823,7665,0
4824,7666,2
4825,7670,1
4826,7673,4
4827,7674,0
4828,7675,3
4829,7676,1
4830,7677,0
4831,7679,3
4832,7680,1
4833,7682,2
4834,7686,0
4835,7689,1
4836,7690,2
4837,7695,2
4838,7696,3
4839,7700,3
4840,7701,3
4841,7702,4
4842,7705,1
4843,7707,3
4844,7708,4
4845,7712,4
4846,7713,1
4847,7715,4
4848,7716,3
4849,7717,1
4850,7719,0
4851,7720,3
4852,7721,0
4853,7722,1
4854,7723,4
4855,7725,4
4856,7726,3
4857,7728,0
4858,7729,1
4859,7730,0
4860,7731,1
4861,7732,2
4862,7735,1
4863,7736,1
4864,7738,4
4865,7740,0
4866,7741,2
4867,7742,4
4868,7744,2
4869,7746,0
4870,7747,4
4871,7748,1
4872,7752,0
4873,7753,0
4874,7754,4
4875,7755,3
4876,7761,0
4877,7764,2
4878,7767,2
4879,7768,0
4880,7769,2
4881,7770,2
4882,7771,4
4883,7772,1
4884,7773,3
4885,7775,0
4886,7776,2
4887,7777,3
4888,7780,4
4889,7782,0
4890,7783,4
4891,7785,2
4892,7787,4
4893,7788,4
4894,7790,3
4895,7791,4
4896,7793,4
4897,7794,2
4898,7795,2
4899,7796,2
4900,7798,2
4901,7799,2
4902,7801,4
4903,7803,4
4904,7804,0
4905,7807,2
4906,7808,4
4907,7809,2
4908,7810,2
4909,7813,0
4910,7819,2
4911,7820,3
4912,7821,4
4913,7822,4
4914,7825,3
4915,7826,1
4916,7827,4
4917,7829,2
4918,7830,3
4919,7831,3
4920,7832,1
4921,7833,1
4922,7836,1
4923,7837,4
4924,7841,1
4925,7842,4
4926,7845,1
4927,7846,1
4928,7847,1
4929,7848,0
4930,7849,2
4931,7853,0
4932,7856,2
4933,7857,4
4934,7858,1
4935,7860,3
4936,7861,2
4937,7863,3
4938,7864,4
4939,7865,3
4940,7866,1
4941,7867,1
4942,7870,3
4943,7871,4
4944,7873,1
4945,7875,2
4946,7876,2
4947,7877,4
4948,7879,2
4949,7880,3
4950,7883,0
4951,7885,0
4952,7888,0
4953,7889,2
4954,7890,0
4955,7891,2
4956,7892,2
4957,7893,3
4958,7895,1
4959,7896,3
4960,7898,0
4961,7900,4
4962,7902,4
4963,7903,4
4964,7904,4
4965,7909,2
4966,7911,1
4967,7912,1
4968,7914,2
4969,7915,2
4970,7916,3
4971,7918,1
4972,7919,4
4973,7920,2
4974,7922,3
4975,7923,2
4976,7924,1
4977,7926,1
4978,7928,3
4979,7929,2
4980,7930,4
4981,7932,1
4982,7933,3
4983,7934,4
4984,7936,1
4985,7937,1
4986,7940,2
4987,7941,3
4988,7942,2
4989,7943,2
4990,7944,1
4991,7946,1
4992,7949,0
4993,7950,0
4994,7951,1
4995,7952,2
4996,7953,0
4997,7955,1
4998,7957,2
4999,7958,4
5000,7959,0
5001,7963,4
5002,7964,2
5003,7965,3
5004,7967,3
5005,7969,1
5006,7971,4
5007,7973,3
5008,7974,2
5009,7976,2
5010,7980,4
5011,7981,4
5012,7983,1
5013,7984,2
5014,7986,2
5015,7987,3
5016,7989,4
5017,7991,1
5018,7992,2
5019,7994,3
5020,7995,2
5021,7996,0
5022,7998,3
5023,7999,2
5024,8000,2
5025,8001,1
5026,8002,4
5027,8003,2
5028,8004,4
5029,8006,0
5030,8007,4
5031,8008,4
5032,8009,3
5033,8010,3
5034,8011,0
5035,8012,4
5036,8015,1
5037,8016,2
5038,8017,4
5039,8020,2
5040,8022,2
5041,8023,3
5042,8024,4
5043,8025,0
5044,8026,1
5045,8027,2
5046,8028,4
5047,8031,4
5048,8033,3
5049,8034,4
5050,8035,1
5051,8036,4
5052,8037,1
5053,8038,3
5054,8039,1
5055,8040,3
5056,8041,1
5057,8042,0
5058,8043,0
5059,8046,4
5060,8047,4
5061,8048,0
5062,8051,1
5063,8054,3
5064,8055,4
5065,8056,3
5066,8057,4
5067,8060,1
5068,8061,0
5069,8062,0
5070,8063,4
5071,8064,0
5072,8067,1
5073,8068,2
5074,8071,4
5075,8073,2
5076,8074,1
5077,8078,2
5078,8079,2
5079,8082,3
5080,8084,3
5081,8086,4
5082,8087,4
5083,8088,4
5084,8090,1
5085,8091,2
5086,8092,1
5087,8093,2
5088,8094,2
5089,8096,0
5090,8097,3
5091,8098,2
5092,8099,3
5093,8101,2
5094,8102,0
5095,8103,2
5096,8104,2
5097,8105,1
5098,8107,1
5099,8108,3
5100,8110,0
5101,8111,0
5102,8113,4
5103,8114,0
5104,8120,4
5105,8121,3
5106,8123,4
5107,8125,4
5108,8126,0
5109,8127,3
5110,8128,4
5111,8129,4
5112,8131,0
5113,8132,4
5114,8133,3
5115,8134,1
5116,8135,0
5117,8137,0
5118,8138,4
5119,8139,3
5120,8140,3
5121,8142,3
5122,8144,2
5123,8147,3
5124,8150,2
5125,8151,0
5126,8155,4
5127,8156,1
5128,8158,1
5129,8160,4
5130,8161,0
5131,8162,1
5132,8163,4
5133,8164,3
5134,8165,4
5135,8167,1
5136,8168,2
5137,8170,0
5138,8171,0
5139,8172,4
5140,8173,1
5141,8174,4
5142,8175,1
5143,8176,0
5144,8177,3
5145,8179,0
5146,8180,1
5147,8181,4
5148,8183,4
5149,8184,2
5150,8187,1
5151,8188,4
5152,8189,1
5153,8190,4
5154,8194,2
5155,8195,3
5156,8196,3
5157,8198,1
5158,8199,3
5159,8200,2
5160,8201,2
5161,8202,3
5162,8203,3
5163,8204,4
5164,8205,2
5165,8207,2
5166,8208,2
5167,8210,2
5168,8211,2
5169,8213,1
5170,8215,1
5171,8217,1
5172,8218,1
5173,8220,4
5174,8222,3
5175,8223,1
5176,8224,4
5177,8226,1
5178,8227,0
5179,8229,4
5180,8230,4
5181,8231,2
5182,8234,3
5183,8235,3
5184,8236,2
5185,8237,2
5186,8239,0
5187,8240,4
5188,8241,2
5189,8243,0
5190,8246,2
5191,8247,2
5192,8249,2
5193,8251,3
5194,8252,0
5195,8253,2
5196,8254,3
5197,8255,4
5198,8256,4
5199,8257,2
5200,8259,0
5201,8262,1
5202,8266,1
5203,8268,2
5204,8270,3
5205,8272,2
5206,8274,0
5207,8275,3
5208,8277,4
5209,8278,1
5210,8279,1
5211,8281,4
5212,8282,4
5213,8283,4
5214,8284,2
5215,8285,4
5216,8288,3
5217,8289,3
5218,8296,4
5219,8297,2
5220,8298,0
5221,8299,2
5222,8300,3
5223,8301,2
5224,8303,4
5225,8307,3
5226,8308,1
5227,8309,3
5228,8310,3
5229,8311,1
5230,8313,3
5231,8315,3
5232,8316,3
5233,8320,4
5234,8321,2
5235,8322,0
5236,8323,3
5237,8324,2
5238,8327,2
5239,8328,3
5240,8330,0
5241,8331,0
5242,8333,2
5243,8334,3
5244,8335,1
5245,8337,0
5246,8342,4
5247,8344,0
5248,8345,1
5249,8346,3
5250,8348,0
5251,8349,0
5252,8351,0
5253,8352,1
5254,8353,2
5255,8356,2
5256,8357,3
5257,8358,3
5258,8359,4
5259,8360,3
5260,8361,3
5261,8362,3
5262,8363,3
5263,8365,1
5264,8366,2
5265,8367,4
5266,8369,0
5267,8370,3
5268,8372,1
5269,8374,0
5270,8375,2
5271,8377,1
5272,8378,2
5273,8380,1
5274,8381,3
5275,8382,3
5276,8383,1
5277,8384,1
5278,8385,3
5279,8386,4
5280,8387,0
5281,8389,4
5282,8390,1
5283,8391,0
5284,8392,4
5285,8393,4
5286,8394,0
5287,8396,3
5288,8397,3
5289,8399,4
5290,8400,0
5291,8401,0
5292,8402,1
5293,8407,4
5294,8408,2
5295,8409,3
5296,8414,0
5297,8415,4
5298,8416,4
5299,8417,1
5300,8418,4
5301,8419,4
5302,8420,1
5303,8422,2
5304,8423,1
5305,8424,1
5306,8429,2
5307,8430,1
5308,8431,2
5309,8432,2
5310,8433,3
5311,8435,3
5312,8438,4
5313,8439,4
5314,8442,2
5315,8444,2
5316,8445,2
5317,8448,2
5318,8449,4
5319,8450,1
5320,8451,3
5321,8452,1
5322,8454,0
5323,8456,3
5324,8459,4
5325,8462,2
5326,8465,0
5327,8466,4
5328,8467,0
5329,8468,4
5330,8469,1
5331,8470,4
5332,8471,2
5333,8472,0
5334,8473,0
5335,8475,4
5336,8477,2
5337,8478,2
5338,8479,1
5339,8481,3
5340,8482,1
5341,8483,3
5342,8484,0
5343,8485,2
5344,8486,3
5345,8487,4
5346,8488,0
5347,8489,3
5348,8492,3
5349,8493,2
5350,8494,0
5351,8495,2
5352,8497,1
5353,8500,1
5354,8501,2
5355,8502,4
5356,8505,1
5357,8506,2
5358,8508,3
5359,8509,4
5360,8511,1
5361,8512,1
5362,8513,4
5363,8514,0
5364,8518,4
5365,8520,0
5366,8523,2
5367,8525,4
5368,8527,1
5369,8528,2
5370,8529,0
5371,8530,1
5372,8531,2
5373,8532,4
5374,8533,1
5375,8536,3
5376,8537,1
5377,8539,3
5378,8544,4
5379,8545,0
5380,8546,1
5381,8547,4
5382,8548,4
5383,8552,0
5384,8553,3
5385,8555,2
5386,8556,1
5387,8557,4
5388,8558,4
5389,8559,2
5390,8565,3
5391,8566,4
5392,8567,2
5393,8568,1
5394,8569,4
5395,8570,4
5396,8573,2
5397,8574,3
5398,8575,4
5399,8576,4
5400,8577,0
5401,8578,3
5402,8581,3
5403,8582,4
5404,8583,4
5405,8584,0
5406,8586,1
5407,8587,4
5408,8588,2
5409,8589,1
5410,8592,2
5411,8593,1
5412,8595,3
5413,8597,2
5414,8598,3
5415,8600,4
5416,8601,3
5417,8602,2
5418,8603,0
5419,8604,0
5420,8605,2
5421,8607,0
5422,8608,2
5423,8610,0
5424,8612,0
5425,8613,3
5426,8614,1
5427,8615,2
5428,8616,0
5429,8617,4
5430,8620,1
5431,8622,1
5432,8623,3
5433,8624,0
5434,8625,1
5435,8627,0
5436,8628,0
5437,8630,3
5438,8631,3
5439,8633,1
5440,8634,0
5441,8636,0
5442,8638,1
5443,8640,1
5444,8642,2
5445,8643,4
5446,8644,2
5447,8646,3
5448,8647,1
5449,8649,4
5450,8650,2
5451,8652,1
5452,8653,3
5453,8654,0
5454,8656,1
5455,8657,0
5456,8661,3
5457,8664,3
5458,8665,2
5459,8668,1
5460,8669,3
5461,8670,1
5462,8671,4
5463,8673,1
5464,8674,1
5465,8676,0
5466,8677,1
5467,8682,0
5468,8683,1
5469,8686,3
5470,8687,3
5471,8688,4
5472,8689,3
5473,8691,0
5474,8692,1
5475,8693,1
5476,8695,1
5477,8696,0
5478,8697,2
5479,8698,3
5480,8700,4
5481,8701,4
5482,8702,0
5483,8703,4
5484,8704,0
5485,8705,3
5486,8706,0
5487,8707,4
5488,8708,1
5489,8710,3
5490,8713,2
5491,8714,2
5492,8715,3
5493,8716,3
5494,8718,0
5495,8719,3
5496,8721,3
5497,8722,1
5498,8723,1
5499,8724,4
5500,8726,1
5501,8729,1
5502,8730,4
5503,8733,3
5504,8735,1
5505,8736,2
5506,8737,0
5507,8739,3
5508,8740,0
5509,8742,2
5510,8743,2
5511,8744,2
5512,8745,4
5513,8746,2
5514,8748,3
5515,8749,1
5516,8750,0
5517,8751,1
5518,8753,3
5519,8754,3
5520,8757,0
5521,8758,0
5522,8759,2
5523,8762,2
5524,8763,1
5525,8772,4
5526,8775,1
5527,8777,2
5528,8779,3
5529,8780,4
5530,8783,0
5531,8784,4
5532,8788,2
5533,8789,2
5534,8790,0
5535,8791,4
5536,8794,0
5537,8797,4
5538,8798,2
5539,8799,0
5540,8801,3
5541,8802,3
5542,8803,3
5543,8804,4
5544,8805,1
5545,8806,2
5546,8810,0
5547,8811,0
5548,8812,3
5549,8816,1
5550,8817,2
5551,8818,4
5552,8819,3
5553,8820,4
5554,8822,4
5555,8824,2
5556,8825,1
5557,8826,1
5558,8827,1
5559,8830,1
5560,8831,3
5561,8832,2
5562,8835,1
5563,8836,0
5564,8837,3
5565,8839,0
5566,8840,1
5567,8841,2
5568,8844,1
5569,8845,1
5570,8847,0
5571,8848,0
5572,8849,1
5573,8850,0
5574,8851,0
5575,8853,2
5576,8854,4
5577,8855,0
5578,8857,0
5579,8859,2
5580,8860,2
5581,8861,1
5582,8862,0
5583,8863,0
5584,8864,0
5585,8865,2
5586,8866,2
5587,8867,3
5588,8869,4
5589,8870,2
5590,8874,4
5591,8877,4
5592,8878,1
5593,8879,3
5594,8880,0
5595,8881,0
5596,8882,2
5597,8883,4
5598,8884,3
5599,8885,0
5600,8886,3
5601,8887,2
5602,8890,2
5603,8891,0
5604,8892,3
5605,8893,4
5606,8896,1
5607,8897,1
5608,8898,4
5609,8899,1
5610,8902,1
5611,8903,2
5612,8904,1
5613,8906,2
5614,8907,0
5615,8908,3
5616,8909,4
5617,8910,2
5618,8911,4
5619,8912,2
5620,8913,0
5621,8914,4
5622,8915,1
5623,8918,4
5624,8919,1
5625,8920,2
5626,8922,1
5627,8923,2
5628,8924,1
5629,8925,0
5630,8927,4
5631,8928,3
5632,8929,4
5633,8930,4
5634,8931,1
5635,8933,1
5636,8936,0
5637,8937,3
5638,8939,0
5639,8941,1
5640,8942,4
5641,8943,2
5642,8945,3
5643,8946,3
5644,8947,1
5645,8949,4
5646,8951,2
5647,8954,1
5648,8956,4
5649,8957,1
5650,8958,2
5651,8960,4
5652,8961,2
5653,8962,3
5654,8963,1
5655,8967,2
5656,8968,0
5657,8971,1
5658,8972,0
5659,8974,3
5660,8975,3
5661,8976,4
5662,8978,3
5663,8979,1
5664,8980,1
5665,8982,3
5666,8983,4
5667,8985,4
5668,8988,3
5669,8990,0
5670,8991,4
5671,8992,0
5672,8993,4
5673,8995,0
5674,8996,4
5675,8997,3
5676,8998,0
5677,8999,3
5678,9000,2
5679,9002,3
5680,9007,1
5681,9008,2
5682,9009,1
5683,9010,3
5684,9012,3
5685,9013,3
5686,9014,1
5687,9015,2
5688,9017,1
5689,9019,3
5690,9020,1
5691,9022,4
5692,9023,2
5693,9024,4
5694,9025,1
5695,9026,0
5696,9027,4
5697,9029,0
5698,9030,0
5699,9031,2
5700,9032,0
5701,9036,1
5702,9037,0
5703,9040,3
5704,9042,1
5705,9043,4
5706,9044,0
5707,9046,2
5708,9047,4
5709,9048,4
5710,9049,4
5711,9050,4
5712,9052,4
5713,9053,2
5714,9054,4
5715,9055,1
5716,9056,2
5717,9057,3
5718,9058,4
5719,9059,2
5720,9060,3
5721,9062,0
5722,9063,1
5723,9064,4
5724,9066,0
5725,9068,1
5726,9071,4
5727,9072,0
5728,9073,1
5729,9074,2
5730,9077,1
5731,9079,2
5732,9081,2
5733,9082,0
5734,9083,4
5735,9084,0
5736,9085,2
5737,9086,1
5738,9087,2
5739,9088,1
5740,9089,0
5741,9090,3
5742,9091,4
5743,9092,3
5744,9094,3
5745,9095,0
5746,9096,4
5747,9097,2
5748,9099,2
5749,9100,2
5750,9101,3
5751,9106,1
5752,9108,2
5753,9112,4
5754,9115,3
5755,9121,4
5756,9124,2
5757,9125,4
5758,9126,0
5759,9127,0
5760,9128,2
5761,9129,0
5762,9131,1
5763,9133,3
5764,9134,4
5765,9135,4
5766,9137,3
5767,9138,1
5768,9139,1
5769,9145,2
5770,9146,2
5771,9147,3
5772,9148,3
5773,9150,4
5774,9151,2
5775,9152,3
5776,9153,3
5777,9154,2
5778,9155,3
5779,9156,2
5780,9159,0
5781,9161,1
5782,9163,2
5783,9164,2
5784,9166,2
5785,9167,4
5786,9169,2
5787,9170,2
5788,9171,4
5789,9173,4
5790,9175,2
5791,9176,3
5792,9177,1
5793,9179,2
5794,9180,3
5795,9181,3
5796,9182,3
5797,9183,3
5798,9185,4
5799,9187,0
5800,9188,2
5801,9189,3
5802,9190,0
5803,9192,4
5804,9193,2
5805,9197,0
5806,9199,0
5807,9200,3
5808,9201,2
5809,9202,4
5810,9203,1
5811,9204,1
5812,9205,0
5813,9206,3
5814,9208,3
5815,9209,3
5816,9212,1
5817,9216,2
5818,9218,0
5819,9219,4
5820,9220,1
5821,9224,1
5822,9226,3
5823,9229,2
5824,9230,0
5825,9231,3
5826,9232,3
5827,9233,3
5828,9234,3
5829,9235,1
5830,9236,0
5831,9239,1
5832,9244,4
5833,9246,1
5834,9247,3
5835,9248,4
5836,9249,1
5837,9250,3
5838,9251,3
5839,9252,2
5840,9253,2
5841,9254,3
5842,9255,4
5843,9258,3
5844,9261,3
5845,9262,4
5846,9264,4
5847,9265,4
5848,9266,3
5849,9267,4
5850,9268,4
5851,9269,0
5852,9270,4
5853,9272,2
5854,9273,0
5855,9274,4
5856,9276,3
5857,9277,2
5858,9278,2
5859,9279,1
5860,9280,1
5861,9281,0
5862,9282,3
5863,9283,3
5864,9284,1
5865,9285,4
5866,9287,3
5867,9289,3
5868,9290,2
5869,9295,0
5870,9296,3
5871,9299,0
5872,9300,2
5873,9301,2
5874,9306,1
5875,9309,3
5876,9310,4
5877,9311,0
5878,9312,2
5879,9313,2
5880,9316,3
5881,9317,3
5882,9318,1
5883,9319,4
5884,9320,1
5885,9321,1
5886,9322,1
5887,9327,4
5888,9329,3
5889,9330,0
5890,9331,2
5891,9332,3
5892,9333,3
5893,9334,3
5894,9335,0
5895,9336,1
5896,9341,4
5897,9342,4
5898,9343,2
5899,9345,3
5900,9346,0
5901,9347,2
5902,9348,3
5903,9349,0
5904,9351,4
5905,9357,4
5906,9358,2
5907,9359,4
5908,9360,4
5909,9362,0
5910,9363,1
5911,9366,0
5912,9367,1
5913,9368,4
5914,9369,0
5915,9370,2
5916,9371,1
5917,9373,3
5918,9374,2
5919,9375,1
5920,9377,3
5921,9378,0
5922,9379,0
5923,9380,4
5924,9382,1
5925,9383,2
5926,9386,1
5927,9387,4
5928,9390,3
5929,9393,0
5930,9396,2
5931,9399,1
5932,9401,3
5933,9402,0
5934,9403,3
5935,9404,4
5936,9405,3
5937,9406,3
5938,9407,3
5939,9411,0
5940,9412,1
5941,9415,1
5942,9416,4
5943,9417,4
5944,9418,2
5945,9420,2
5946,9421,2
5947,9423,4
5948,9424,3
5949,9425,3
5950,9427,1
5951,9428,2
5952,9430,0
5953,9432,3
5954,9433,2
5955,9435,2
5956,9436,4
5957,9437,4
5958,9442,1
5959,9444,4
5960,9445,1
5961,9446,2
5962,9449,3
5963,9450,3
5964,9451,0
5965,9452,2
5966,9456,2
5967,9458,2
5968,9460,0
5969,9464,1
5970,9465,0
5971,9467,0
5972,9470,3
5973,9471,0
5974,9473,4
5975,9474,0
5976,9475,4
5977,9477,4
5978,9479,3
5979,9480,2
5980,9481,3
5981,9482,4
5982,9484,3
5983,9486,3
5984,9487,1
5985,9489,0
5986,9490,2
5987,9491,3
5988,9492,2
5989,9494,4
5990,9495,0
5991,9498,4
5992,9499,4
5993,9501,0
5994,9505,0
5995,9506,1
5996,9507,1
5997,9509,1
5998,9511,4
5999,9512,4
6000,9514,3
6001,9521,4
6002,9522,4
6003,9524,2
6004,9525,3
6005,9526,4
6006,9527,1
6007,9528,3
6008,9529,4
6009,9530,1
6010,9531,3
6011,9537,3
6012,9538,0
6013,9539,2
6014,9542,1
6015,9546,4
6016,9549,0
6017,9550,2
6018,9551,2
6019,9552,2
6020,9554,2
6021,9555,1
6022,9556,0
6023,9557,1
6024,9559,3
6025,9561,0
6026,9562,0
6027,9563,4
6028,9564,0
6029,9565,0
6030,9566,2
6031,9572,2
6032,9574,3
6033,9576,1
6034,9577,4
6035,9579,1
6036,9580,3
6037,9582,3
6038,9583,2
6039,9584,0
6040,9585,1
6041,9586,4
6042,9587,2
6043,9588,0
6044,9589,3
6045,9592,4
6046,9594,4
6047,9596,1
6048,9598,2
6049,9599,1
6050,9603,1
6051,9606,2
6052,9607,4
6053,9608,1
6054,9609,3
6055,9611,2
6056,9612,4
6057,9613,0
6058,9614,0
6059,9615,4
6060,9616,1
6061,9618,3
6062,9619,4
6063,9620,4
6064,9622,0
6065,9624,3
6066,9626,1
6067,9627,0
6068,9631,1
6069,9634,3
6070,9635,3
6071,9636,3
6072,9638,2
6073,9641,1
6074,9642,4
6075,9643,3
6076,9645,2
6077,9646,0
6078,9647,4
