qa_id,fold
0,0
1,4
2,2
3,4
5,4
6,0
7,2
9,1
11,0
12,2
14,4
15,3
16,1
17,3
18,2
19,1
22,0
23,0
24,3
25,4
27,0
29,1
30,3
31,2
32,1
33,2
36,1
38,2
40,0
41,1
47,4
48,0
50,4
51,3
52,3
54,0
55,0
56,3
58,2
59,3
60,4
61,3
63,0
64,3
65,2
68,4
71,1
72,2
74,1
75,1
77,4
78,4
79,4
80,2
81,2
82,3
83,4
87,1
88,3
91,4
92,3
95,3
96,3
97,1
98,1
99,4
104,3
105,4
108,3
109,3
110,0
111,3
112,3
115,0
117,2
118,4
119,4
121,3
127,0
128,2
129,1
131,0
135,3
138,4
139,4
141,2
143,4
144,2
145,3
148,3
149,3
151,4
152,4
154,3
155,3
156,3
157,1
158,1
160,0
162,1
163,1
164,0
168,2
169,2
170,0
171,2
174,3
175,3
176,1
177,2
178,4
180,1
181,0
182,0
183,3
184,0
185,2
186,4
187,4
188,4
191,4
192,4
193,0
194,2
196,3
198,0
201,4
202,0
203,1
204,2
207,4
210,3
211,4
213,4
214,3
215,1
216,2
217,1
219,4
222,1
223,4
224,1
226,2
227,3
229,0
230,2
231,2
233,3
234,1
236,1
238,4
239,2
240,1
241,3
242,2
243,2
247,2
248,3
249,3
250,0
253,1
254,0
256,2
259,0
261,2
262,0
263,4
264,4
265,1
266,1
268,2
269,4
270,4
271,4
272,4
273,1
274,0
276,1
277,0
279,2
280,0
283,2
285,1
286,3
287,1
288,4
294,2
298,2
302,0
303,4
304,2
305,0
306,2
308,2
309,3
311,0
313,1
317,0
319,0
320,1
321,3
324,0
325,4
326,3
328,0
329,0
330,2
331,1
332,1
333,2
335,0
337,3
339,1
341,2
345,2
346,0
347,3
348,0
350,4
351,3
352,1
353,3
354,0
355,4
358,1
359,1
363,4
364,4
365,3
366,0
367,1
368,0
369,3
370,1
372,2
377,4
378,2
380,0
383,3
384,2
385,0
386,1
388,2
389,1
392,4
393,0
396,0
398,1
400,2
402,2
404,2
405,0
406,1
409,3
410,4
412,2
413,0
415,4
419,1
420,3
422,4
424,1
425,2
426,1
428,1
430,2
431,4
433,0
434,2
435,2
436,4
437,4
438,4
439,3
440,1
441,4
442,1
446,2
447,4
450,1
452,2
453,2
454,4
456,2
459,1
460,3
462,3
463,0
464,1
466,0
467,4
468,4
469,2
471,3
473,0
475,4
477,1
478,0
480,4
481,1
485,1
486,4
488,2
489,1
492,1
493,2
494,0
496,1
497,1
498,2
499,4
500,0
501,4
502,0
503,1
507,3
508,1
509,4
510,2
512,2
514,0
515,2
516,1
517,0
519,1
521,3
523,1
525,3
527,0
528,2
530,2
531,0
532,2
533,0
534,0
535,3
536,1
537,4
540,0
541,3
543,0
544,2
547,3
548,0
549,3
550,2
552,1
553,2
554,2
555,2
556,4
557,0
559,4
560,2
561,0
564,0
565,4
566,1
567,4
568,4
570,3
571,0
572,3
573,0
574,4
575,4
577,2
580,1
581,4
582,1
583,0
586,0
587,0
590,3
591,3
592,0
593,0
594,3
596,3
597,2
598,4
601,3
602,2
603,1
605,3
607,0
608,1
609,0
610,1
611,4
612,0
613,3
616,3
617,4
618,4
619,1
620,3
621,1
622,2
623,0
624,2
626,3
627,0
628,1
630,4
631,1
632,4
633,4
634,4
635,2
636,2
638,3
639,2
643,4
644,2
645,4
646,1
648,1
649,0
651,2
652,4
653,2
655,4
656,0
658,1
659,2
661,2
662,0
663,2
664,4
667,4
670,3
672,3
673,1
674,3
675,0
676,0
677,3
678,2
679,1
684,1
687,2
688,0
690,0
693,2
694,0
696,2
697,2
698,3
701,4
702,1
704,0
705,4
706,4
708,4
709,4
710,0
712,4
713,1
714,3
716,3
717,1
718,4
719,3
720,1
721,4
723,3
724,0
730,0
731,1
732,3
734,3
736,2
737,0
738,2
739,2
741,3
742,2
744,2
745,4
747,2
749,3
750,0
753,0
754,3
755,3
758,2
759,4
762,0
763,1
764,2
766,2
767,4
768,3
772,4
774,3
775,3
776,1
778,0
779,4
780,4
781,2
782,0
784,3
785,1
788,3
789,2
790,0
791,4
795,0
796,3
803,4
805,0
807,3
809,1
810,2
814,4
815,1
816,0
817,2
819,3
820,0
823,0
824,4
825,2
827,3
829,2
831,3
832,3
833,3
834,0
835,4
836,4
838,1
839,1
840,3
841,2
843,0
847,4
848,3
850,0
852,1
854,0
855,1
857,2
858,0
859,3
860,1
863,3
864,1
865,3
866,1
867,1
869,0
873,2
874,1
875,1
878,4
879,0
880,2
881,3
882,0
883,0
886,1
887,2
888,0
889,3
891,3
892,0
893,0
894,3
895,4
896,2
897,0
898,3
899,2
900,2
902,4
903,0
906,3
907,4
908,1
909,0
910,0
911,0
912,4
913,2
914,2
915,4
916,2
918,4
919,4
925,3
926,4
927,4
930,3
933,4
935,4
937,0
940,1
941,4
942,3
943,3
944,0
946,2
947,0
948,0
950,2
951,2
953,1
954,3
956,3
958,3
959,4
961,2
964,0
966,2
967,1
970,3
974,1
975,2
977,0
980,1
982,1
983,0
984,3
985,4
990,1
991,1
992,4
994,3
995,2
997,2
999,3
1000,4
1001,3
1004,3
1006,2
1009,4
1010,2
1011,4
1013,0
1015,0
1017,3
1018,1
1024,2
1025,0
1026,1
1029,3
1030,1
1031,0
1034,4
1035,3
1036,2
1040,4
1042,1
1043,1
1044,4
1047,3
1048,3
1049,3
1050,0
1051,0
1052,2
1053,4
1055,1
1057,0
1058,0
1059,1
1061,3
1063,4
1064,2
1065,2
1066,3
1067,0
1068,0
1069,1
1070,1
1071,4
1072,2
1073,2
1074,0
1077,2
1078,2
1080,2
1081,0
1083,1
1084,2
1086,2
1087,4
1088,1
1089,2
1092,4
1093,1
1095,2
1096,2
1098,2
1102,1
1103,0
1105,4
1106,2
1107,0
1111,4
1112,1
1113,2
1115,4
1116,3
1117,0
1120,0
1122,4
1123,0
1126,2
1129,0
1130,3
1131,0
1132,4
1133,1
1135,2
1137,2
1139,4
1141,3
1142,2
1146,0
1147,1
1149,2
1155,1
1156,1
1157,2
1160,3
1161,3
1162,0
1163,0
1165,2
1166,1
1167,3
1168,1
1169,4
1170,2
1172,3
1173,4
1174,3
1176,3
1177,2
1178,2
1179,0
1180,1
1181,1
1182,2
1184,0
1185,3
1186,2
1187,3
1188,3
1191,1
1192,2
1193,0
1197,1
1198,1
1199,0
1202,1
1203,3
1204,0
1205,1
1206,3
1207,1
1208,0
1209,2
1212,4
1213,4
1215,2
1217,0
1218,4
1219,2
1222,1
1225,4
1227,3
1235,0
1237,3
1239,2
1240,0
1241,1
1242,1
1244,1
1245,2
1246,3
1250,4
1251,1
1252,0
1253,4
1254,0
1255,3
1256,4
1257,1
1259,3
1260,4
1261,4
1262,3
1264,1
1267,2
1268,4
1269,2
1270,2
1271,4
1273,1
1274,4
1275,0
1276,2
1277,1
1279,3
1280,1
1283,1
1284,0
1285,0
1289,0
1290,3
1291,4
1292,3
1294,3
1296,4
1298,4
1299,0
1303,2
1305,3
1306,3
1307,4
1309,4
1311,0
1316,2
1320,4
1321,3
1322,1
1325,0
1326,3
1327,2
1328,4
1330,0
1332,0
1333,4
1334,3
1335,0
1337,1
1339,1
1340,2
1341,2
1342,0
1343,0
1345,1
1347,3
1350,3
1355,1
1356,3
1357,0
1358,0
1360,2
1361,4
1362,1
1364,1
1365,1
1366,1
1367,2
1368,1
1369,2
1370,0
1371,4
1372,1
1373,4
1374,4
1375,4
1376,4
1378,1
1380,3
1381,2
1384,4
1386,4
1387,3
1388,4
1389,1
1392,4
1395,1
1396,4
1400,2
1401,2
1402,3
1403,0
1404,0
1405,3
1406,1
1407,1
1409,4
1410,0
1411,1
1413,2
1416,3
1417,3
1418,3
1421,1
1422,3
1425,2
1426,3
1428,0
1429,1
1431,3
1433,0
1435,1
1436,0
1437,3
1438,1
1440,1
1441,0
1442,1
1443,2
1445,4
1447,3
1448,0
1450,4
1451,4
1452,1
1453,4
1455,2
1456,3
1457,0
1458,2
1459,2
1460,1
1461,2
1462,3
1463,2
1464,1
1465,2
1467,4
1468,0
1471,0
1478,3
1480,1
1483,3
1485,1
1486,1
1487,0
1488,1
1489,2
1490,0
1491,1
1492,1
1493,0
1494,3
1495,4
1497,4
1499,1
1503,3
1504,3
1506,3
1507,0
1508,4
1509,1
1511,1
1512,3
1513,0
1515,4
1516,4
1517,3
1520,0
1521,1
1522,1
1524,3
1527,2
1530,0
1532,4
1533,3
1534,2
1535,4
1536,0
1537,0
1540,2
1541,3
1543,0
1545,3
1546,2
1547,2
1548,1
1550,1
1551,4
1552,4
1554,4
1555,3
1556,3
1560,2
1561,1
1562,3
1563,1
1564,3
1565,3
1566,3
1568,4
1569,1
1571,1
1572,4
1573,2
1574,3
1576,2
1577,4
1578,0
1579,0
1581,1
1582,2
1583,1
1584,3
1587,3
1588,4
1589,0
1592,0
1595,3
1596,4
1597,4
1598,4
1600,1
1602,0
1604,3
1605,4
1607,1
1608,4
1609,2
1610,3
1613,3
1614,1
1615,1
1616,4
1617,3
1618,1
1619,2
1620,2
1621,4
1622,1
1623,0
1625,0
1626,3
1628,4
1629,0
1632,0
1634,1
1635,2
1636,4
1637,0
1639,4
1640,0
1641,4
1642,0
1644,0
1646,4
1648,1
1650,1
1651,2
1652,1
1653,0
1655,3
1656,0
1658,3
1660,2
1662,3
1663,0
1666,2
1667,4
1670,3
1672,1
1673,3
1675,0
1678,1
1683,1
1684,4
1686,4
1687,1
1689,3
1690,3
1691,4
1692,2
1694,3
1695,2
1696,2
1697,0
1702,2
1703,2
1706,0
1709,4
1710,3
1711,4
1712,1
1713,3
1714,4
1715,2
1716,2
1718,1
1719,4
1721,3
1722,2
1723,4
1724,4
1726,3
1728,1
1729,2
1730,4
1731,4
1733,1
1734,3
1735,4
1736,1
1738,2
1739,0
1741,1
1742,2
1743,0
1744,4
1745,1
1746,0
1748,4
1749,4
1750,2
1751,2
1752,2
1754,3
1755,0
1756,4
1758,0
1760,4
1761,4
1763,4
1765,1
1766,2
1767,1
1768,3
1769,2
1770,4
1771,0
1773,3
1775,1
1776,4
1778,2
1779,3
1780,2
1781,0
1782,1
1785,3
1786,4
1789,2
1791,1
1792,1
1797,4
1800,3
1801,0
1802,4
1803,2
1804,2
1805,2
1806,2
1808,2
1809,2
1813,1
1814,1
1815,4
1817,0
1818,3
1819,2
1820,0
1822,3
1823,3
1824,4
1828,3
1832,3
1834,3
1835,1
1836,0
1838,4
1840,3
1841,3
1843,2
1844,1
1845,3
1846,2
1848,1
1850,0
1851,1
1853,4
1855,0
1856,0
1858,1
1859,0
1860,1
1861,0
1862,3
1863,1
1867,0
1869,2
1872,4
1873,1
1875,4
1876,4
1878,4
1879,1
1880,2
1881,3
1882,1
1883,0
1884,2
1888,3
1890,4
1892,0
1893,1
1894,1
1896,4
1897,0
1898,2
1899,1
1900,1
1902,3
1903,1
1904,2
1905,0
1908,3
1910,1
1911,2
1912,4
1914,4
1915,2
1916,2
1917,4
1918,2
1919,4
1921,4
1922,4
1923,0
1924,2
1925,2
1926,2
1927,2
1929,0
1930,4
1933,0
1935,4
1937,3
1938,4
1939,3
1944,2
1946,2
1948,2
1952,4
1953,1
1955,3
1956,4
1958,3
1961,4
1962,4
1963,2
1965,3
1967,1
1968,1
1971,0
1972,0
1973,0
1979,3
1980,4
1982,2
1984,1
1986,2
1987,4
1988,3
1991,1
1992,0
1993,3
1995,3
1996,0
1998,4
2000,4
2001,1
2002,3
2003,3
2004,0
2006,2
2009,4
2011,0
2012,4
2013,4
2015,0
2016,4
2020,2
2021,2
2023,4
2026,3
2028,4
2029,0
2030,1
2031,3
2032,1
2033,2
2035,4
2037,3
2038,4
2039,0
2040,2
2041,4
2044,0
2045,3
2046,1
2047,0
2048,2
2049,0
2051,0
2052,3
2053,3
2056,2
2059,0
2061,3
2063,1
2064,4
2065,0
2068,1
2072,2
2077,2
2079,4
2081,0
2082,0
2083,4
2084,2
2085,0
2086,1
2087,1
2088,2
2089,4
2090,4
2091,3
2092,3
2093,3
2096,2
2098,2
2099,3
2100,1
2101,3
2103,0
2104,1
2107,3
2108,1
2110,0
2112,2
2113,4
2114,1
2115,3
2116,0
2118,4
2119,3
2120,0
2122,0
2123,1
2125,2
2127,2
2129,1
2130,1
2131,3
2133,2
2135,3
2136,4
2138,3
2139,2
2140,1
2141,2
2142,1
2143,1
2145,0
2146,0
2147,4
2149,3
2151,4
2152,2
2153,4
2155,3
2157,4
2158,1
2160,2
2161,1
2164,0
2167,2
2169,4
2170,2
2173,0
2174,1
2176,1
2177,3
2179,3
2181,3
2182,3
2183,2
2184,3
2185,4
2187,4
2188,2
2189,4
2196,1
2197,2
2198,0
2199,2
2200,1
2204,0
2205,0
2206,2
2207,1
2208,4
2209,1
2210,4
2211,2
2212,2
2214,0
2216,4
2217,4
2218,1
2219,0
2220,4
2221,4
2222,2
2223,4
2224,0
2225,2
2226,3
2227,4
2228,4
2229,2
2232,0
2233,3
2235,2
2236,2
2237,4
2238,0
2240,0
2241,2
2242,2
2247,4
2248,0
2252,1
2254,1
2255,4
2256,0
2258,4
2262,1
2265,4
2266,0
2268,3
2270,1
2271,4
2272,2
2274,0
2276,0
2279,2
2281,4
2282,0
2283,4
2284,3
2285,3
2287,2
2289,4
2290,2
2291,3
2292,1
2293,0
2294,0
2295,1
2297,3
2300,2
2302,4
2304,0
2307,4
2308,3
2309,3
2310,3
2311,2
2312,2
2314,1
2315,4
2316,3
2317,2
2319,4
2321,0
2322,2
2323,3
2324,3
2326,0
2327,3
2329,1
2331,0
2332,0
2333,4
2336,4
2337,3
2338,2
2339,2
2340,3
2344,4
2347,4
2348,4
2350,0
2351,0
2352,2
2355,3
2356,1
2360,3
2361,4
2362,2
2364,3
2365,0
2366,3
2367,2
2369,2
2370,0
2372,4
2373,3
2376,4
2377,3
2378,3
2379,1
2380,4
2381,1
2382,4
2384,4
2385,3
2386,2
2388,3
2390,3
2391,0
2392,0
2394,4
2397,2
2398,1
2400,3
2401,4
2402,4
2403,3
2404,0
2405,3
2406,1
2408,1
2409,2
2410,1
2413,4
2415,2
2416,2
2417,1
2418,4
2419,4
2420,3
2422,3
2423,1
2426,0
2427,4
2428,0
2430,2
2431,2
2432,3
2433,1
2434,1
2436,3
2439,0
2440,3
2441,0
2445,1
2446,2
2447,1
2448,2
2449,0
2450,0
2453,3
2456,4
2458,0
2460,2
2462,3
2463,1
2467,0
2469,2
2471,1
2472,1
2473,4
2475,4
2477,0
2478,1
2480,1
2482,3
2484,2
2486,1
2488,3
2490,4
2491,2
2492,1
2495,3
2498,1
2501,4
2503,0
2504,4
2506,0
2507,1
2508,3
2509,0
2510,0
2511,4
2512,3
2513,4
2514,2
2515,3
2516,3
2517,1
2518,4
2520,4
2521,2
2522,2
2524,0
2525,3
2526,1
2527,4
2528,0
2529,1
2530,0
2531,0
2532,4
2533,0
2536,0
2537,0
2538,2
2539,2
2542,1
2543,0
2545,4
2546,4
2547,1
2548,1
2549,0
2551,3
2552,1
2553,1
2554,1
2556,1
2557,4
2560,2
2561,3
2565,3
2566,4
2567,0
2568,2
2574,0
2576,1
2577,1
2578,2
2583,1
2586,1
2588,1
2590,4
2591,0
2593,2
2599,1
2600,3
2602,0
2605,4
2609,1
2612,3
2613,2
2614,3
2615,4
2620,0
2622,0
2623,1
2627,1
2628,3
2629,4
2632,1
2634,3
2635,4
2636,1
2637,4
2638,4
2639,2
2641,0
2643,0
2645,2
2646,0
2649,1
2650,4
2651,4
2652,3
2653,0
2654,1
2656,0
2659,0
2660,4
2661,4
2662,4
2664,3
2665,0
2671,2
2672,3
2674,1
2675,3
2677,1
2678,1
2679,0
2683,0
2686,3
2687,3
2689,3
2690,4
2692,2
2696,0
2697,4
2698,2
2700,0
2702,2
2704,4
2705,0
2706,0
2708,0
2709,4
2710,2
2711,4
2712,3
2714,4
2716,0
2718,1
2719,1
2720,0
2721,2
2722,2
2725,4
2726,4
2727,2
2728,2
2729,2
2730,2
2731,0
2732,1
2735,2
2737,1
2738,4
2739,2
2740,0
2742,1
2744,0
2746,0
2747,2
2749,1
2750,0
2751,0
2752,3
2754,1
2755,3
2759,0
2760,3
2762,1
2764,2
2768,4
2769,3
2771,2
2775,4
2776,0
2777,2
2778,2
2779,0
2782,3
2784,0
2786,3
2787,0
2790,3
2792,1
2796,0
2798,4
2799,1
2801,3
2803,2
2804,1
2807,4
2808,4
2812,3
2813,1
2814,2
2815,4
2817,4
2818,3
2819,0
2822,4
2823,1
2824,2
2827,3
2830,4
2831,0
2834,3
2835,0
2836,0
2838,2
2839,3
2840,2
2841,3
2843,2
2845,4
2846,4
2847,3
2848,3
2851,3
2853,2
2854,2
2856,2
2857,0
2858,0
2859,3
2860,3
2861,0
2863,3
2864,3
2866,3
2867,3
2869,3
2870,1
2873,2
2874,2
2875,4
2876,0
2878,3
2880,3
2881,2
2883,0
2884,2
2887,0
2888,0
2890,0
2891,4
2892,2
2893,2
2894,2
2896,4
2898,4
2899,3
2900,0
2901,0
2902,0
2908,1
2910,1
2911,4
2913,3
2914,2
2915,3
2916,2
2918,1
2919,4
2921,1
2923,3
2925,0
2926,4
2927,1
2928,2
2930,1
2932,1
2933,3
2934,0
2937,2
2938,4
2940,0
2945,0
2947,3
2948,1
2952,2
2953,4
2954,3
2955,2
2956,0
2959,0
2960,3
2962,2
2963,4
2964,1
2965,1
2966,2
2970,4
2971,0
2972,2
2973,2
2974,1
2975,1
2978,3
2979,0
2980,4
2981,1
2982,2
2984,3
2988,0
2992,3
2993,0
2995,0
2999,1
3001,1
3002,1
3005,1
3009,0
3010,1
3011,4
3012,1
3014,0
3016,3
3017,4
3018,4
3019,3
3020,2
3023,1
3027,2
3029,4
3030,3
3035,2
3036,4
3037,0
3038,2
3039,3
3040,3
3041,0
3042,1
3043,1
3044,4
3045,3
3046,2
3047,4
3048,1
3051,4
3054,4
3056,4
3057,1
3058,0
3059,0
3063,3
3066,0
3071,3
3072,4
3073,0
3074,3
3076,2
3077,2
3078,2
3079,0
3081,2
3083,1
3086,4
3088,3
3090,0
3091,2
3092,3
3093,0
3095,4
3096,4
3098,2
3099,4
3100,1
3103,3
3105,3
3106,1
3108,0
3109,2
3110,1
3111,1
3112,4
3113,0
3114,3
3117,0
3118,1
3119,3
3122,0
3124,0
3125,0
3126,4
3127,2
3128,1
3129,4
3131,3
3133,2
3134,4
3137,2
3138,1
3139,0
3142,0
3143,2
3146,0
3147,2
3148,2
3151,4
3152,0
3153,4
3154,2
3158,4
3159,3
3160,1
3161,3
3163,0
3164,1
3165,0
3168,0
3169,4
3172,2
3179,2
3180,3
3185,4
3186,0
3187,3
3189,4
3190,0
3191,3
3192,2
3193,4
3195,4
3196,4
3197,4
3198,1
3200,0
3201,3
3202,3
3203,4
3204,3
3206,3
3208,3
3209,4
3211,2
3212,1
3213,2
3216,1
3217,1
3218,0
3219,4
3221,2
3223,4
3225,3
3226,1
3227,2
3230,4
3231,0
3232,3
3234,3
3235,1
3236,0
3237,4
3239,4
3240,4
3241,3
3243,4
3244,1
3245,1
3246,2
3247,0
3249,0
3251,1
3254,0
3256,4
3258,3
3259,3
3260,2
3264,3
3266,0
3267,0
3269,4
3271,1
3272,0
3273,0
3274,1
3276,0
3278,4
3279,3
3280,1
3281,3
3282,4
3284,0
3285,3
3286,4
3289,4
3293,3
3294,0
3295,2
3297,2
3298,4
3299,3
3301,1
3302,0
3303,3
3304,0
3306,2
3307,0
3308,2
3309,4
3311,3
3312,1
3314,1
3315,3
3317,1
3318,4
3321,1
3323,1
3325,4
3326,0
3327,1
3328,2
3332,4
3333,4
3334,3
3335,2
3337,1
3338,0
3339,3
3340,0
3341,3
3342,4
3344,3
3346,3
3347,2
3349,0
3350,1
3351,2
3353,3
3356,2
3357,1
3358,1
3359,4
3361,1
3362,3
3367,4
3368,2
3369,3
3371,0
3373,4
3374,2
3376,0
3377,4
3379,2
3380,4
3382,0
3384,0
3385,1
3387,4
3388,3
3389,2
3393,3
3394,1
3396,3
3397,2
3400,1
3401,1
3402,3
3404,1
3406,3
3407,0
3408,4
3411,1
3413,1
3415,3
3416,4
3417,4
3418,4
3419,0
3423,1
3425,0
3427,2
3429,4
3430,2
3431,3
3433,1
3435,0
3436,1
3438,2
3441,0
3443,3
3444,4
3446,3
3447,2
3449,3
3452,3
3453,4
3454,3
3455,2
3457,0
3458,3
3460,1
3462,2
3464,3
3465,4
3466,4
3467,4
3468,2
3469,3
3470,4
3471,2
3473,4
3474,3
3475,3
3476,1
3477,4
3479,1
3481,0
3482,3
3485,0
3486,4
3487,2
3489,2
3490,2
3492,2
3495,1
3498,2
3500,2
3501,0
3505,2
3506,1
3507,1
3508,3
3509,0
3510,1
3511,3
3513,0
3514,1
3515,3
3516,2
3518,2
3519,4
3521,3
3522,1
3523,0
3528,1
3529,4
3530,1
3531,1
3537,3
3538,4
3539,2
3540,4
3541,4
3546,3
3547,4
3549,3
3550,3
3551,3
3552,2
3553,3
3556,1
3557,2
3559,2
3562,1
3563,2
3565,3
3566,0
3567,0
3568,3
3569,0
3570,1
3571,2
3573,3
3575,1
3578,0
3580,0
3581,4
3582,1
3584,1
3586,1
3587,4
3588,2
3590,1
3591,2
3593,3
3595,4
3597,2
3598,2
3600,0
3601,3
3602,0
3604,4
3605,1
3607,1
3608,3
3609,0
3611,3
3612,2
3615,4
3616,2
3617,4
3619,3
3620,3
3622,0
3623,0
3624,3
3625,0
3627,2
3630,1
3631,3
3634,0
3636,2
3637,1
3639,3
3640,3
3641,3
3643,2
3644,1
3646,1
3647,2
3649,2
3651,4
3652,3
3653,0
3657,4
3659,0
3660,1
3661,2
3662,1
3663,3
3664,2
3665,0
3666,2
3667,3
3670,4
3674,2
3677,2
3679,2
3680,1
3683,3
3686,0
3687,1
3688,0
3690,3
3691,1
3692,0
3694,4
3695,2
3697,2
3701,2
3702,0
3703,0
3704,1
3705,1
3706,3
3707,4
3709,4
3710,1
3711,4
3712,2
3714,1
3715,0
3716,4
3717,1
3719,3
3722,0
3724,1
3725,0
3727,0
3728,1
3729,2
3731,4
3732,3
3733,0
3735,0
3739,0
3740,3
3742,3
3744,3
3746,1
3747,3
3748,1
3749,4
3750,2
3752,4
3753,3
3756,4
3759,3
3760,4
3761,3
3762,1
3764,1
3766,4
3768,4
3769,3
3771,2
3772,2
3773,1
3774,0
3776,3
3779,0
3781,1
3782,3
3783,1
3784,3
3786,3
3788,1
3789,0
3790,3
3791,2
3792,4
3795,4
3797,3
3802,0
3804,0
3805,3
3806,0
3807,1
3811,4
3812,2
3815,1
3816,0
3817,0
3820,4
3821,4
3824,4
3825,2
3826,4
3828,4
3829,3
3831,4
3832,2
3834,4
3836,1
3837,4
3840,2
3842,2
3843,1
3844,1
3845,0
3846,0
3847,3
3849,0
3851,4
3852,1
3853,1
3855,1
3856,4
3857,0
3858,1
3859,3
3861,3
3862,1
3864,0
3865,0
3866,2
3867,1
3868,4
3873,1
3874,2
3875,2
3878,4
3880,3
3882,4
3883,1
3884,2
3886,0
3889,4
3890,2
3892,1
3895,1
3896,3
3899,1
3900,2
3902,0
3903,3
3905,4
3906,2
3907,2
3909,1
3911,1
3913,4
3914,1
3915,3
3917,0
3918,3
3919,1
3920,3
3921,3
3922,4
3923,3
3924,0
3926,1
3928,4
3930,0
3932,2
3933,0
3934,1
3935,2
3936,2
3937,2
3938,0
3939,3
3940,0
3942,1
3944,2
3947,0
3948,0
3950,3
3951,1
3952,1
3953,1
3954,0
3955,0
3957,2
3959,3
3964,1
3965,2
3969,4
3970,4
3971,0
3972,0
3974,4
3975,3
3978,2
3979,4
3981,3
3983,0
3984,3
3986,2
3987,0
3988,2
3989,2
3990,1
3994,1
3995,0
3996,4
3997,1
4000,1
4001,2
4004,1
4007,2
4008,0
4009,0
4010,3
4013,3
4014,4
4016,0
4017,3
4019,4
4020,4
4023,2
4024,3
4025,2
4026,3
4027,0
4028,3
4029,2
4031,3
4032,3
4033,3
4034,1
4035,3
4036,0
4038,3
4040,2
4041,1
4042,4
4044,4
4045,1
4046,0
4047,3
4048,2
4049,0
4050,1
4052,2
4053,2
4054,1
4055,4
4056,4
4060,1
4062,3
4064,1
4065,2
4066,2
4067,3
4068,1
4069,4
4071,1
4072,0
4074,2
4076,3
4077,2
4078,2
4079,3
4083,1
4085,3
4087,4
4089,3
4090,4
4091,2
4092,4
4093,2
4094,2
4095,3
4096,1
4100,3
4101,4
4104,4
4105,3
4106,1
4107,2
4108,0
4109,1
4110,1
4112,4
4113,3
4115,3
4117,3
4118,4
4120,2
4121,2
4122,4
4123,4
4125,4
4127,2
4129,1
4131,0
4132,4
4135,1
4137,1
4138,2
4140,3
4142,3
4143,1
4146,2
4148,4
4149,4
4150,0
4152,0
4153,4
4154,0
4155,2
4156,4
4158,0
4159,2
4161,3
4162,1
4163,1
4164,3
4168,4
4169,2
4170,4
4171,4
4172,0
4173,2
4174,1
4175,3
4177,4
4178,3
4180,1
4184,1
4185,2
4186,0
4187,0
4191,2
4193,0
4194,1
4195,1
4196,4
4198,4
4199,0
4200,1
4201,1
4202,0
4204,0
4205,0
4206,3
4207,0
4208,3
4209,0
4210,3
4216,4
4217,1
4223,4
4226,2
4227,2
4228,1
4230,1
4232,2
4233,3
4234,1
4235,1
4240,0
4243,1
4244,4
4246,1
4247,0
4248,3
4253,1
4254,1
4256,1
4257,3
4258,1
4260,1
4265,1
4266,1
4268,0
4270,0
4271,2
4272,1
4275,2
4276,0
4277,3
4280,0
4282,0
4283,2
4287,3
4289,3
4291,1
4292,0
4293,3
4294,1
4295,0
4296,0
4297,2
4299,1
4300,3
4302,0
4305,3
4306,1
4308,1
4309,1
4312,4
4314,2
4315,4
4316,3
4317,3
4318,3
4319,0
4322,2
4324,4
4325,2
4326,0
4327,1
4328,0
4329,1
4330,1
4333,4
4334,4
4335,0
4336,0
4337,4
4338,4
4341,3
4342,2
4347,1
4348,4
4349,4
4350,3
4351,4
4352,0
4353,2
4354,4
4355,2
4357,2
4360,0
4363,4
4367,1
4368,2
4369,2
4371,3
4374,0
4375,3
4376,1
4377,4
4378,2
4379,3
4380,0
4382,4
4383,4
4385,0
4386,1
4389,2
4390,0
4392,1
4393,4
4394,0
4395,0
4397,1
4398,2
4400,1
4402,2
4404,0
4405,0
4406,4
4409,4
4410,1
4412,1
4413,4
4414,2
4415,4
4417,4
4418,2
4419,0
4421,1
4422,4
4423,0
4424,0
4425,2
4429,4
4430,4
4431,2
4432,1
4435,4
4436,4
4438,4
4440,0
4444,4
4446,0
4449,4
4450,3
4451,4
4452,0
4453,3
4455,2
4456,3
4457,0
4459,1
4460,3
4461,0
4462,1
4467,4
4468,3
4469,3
4470,3
4471,4
4472,2
4473,3
4474,2
4475,1
4476,2
4477,3
4479,1
4480,2
4483,2
4484,2
4486,0
4487,2
4488,4
4489,4
4490,3
4491,4
4492,1
4495,1
4498,2
4500,3
4501,2
4502,4
4504,2
4505,1
4506,2
4507,2
4508,2
4509,0
4511,0
4512,1
4513,3
4515,0
4516,0
4520,3
4521,2
4525,3
4526,3
4527,1
4528,2
4529,4
4530,0
4531,3
4534,2
4535,1
4539,3
4540,2
4542,1
4543,0
4545,3
4548,1
4549,1
4550,3
4552,2
4553,3
4554,4
4555,4
4558,2
4560,1
4561,4
4562,1
4563,2
4565,1
4566,4
4567,3
4568,4
4570,3
4572,2
4574,4
4576,3
4577,4
4579,2
4582,0
4583,2
4585,2
4586,4
4587,0
4588,4
4589,3
4591,3
4592,4
4593,2
4594,1
4595,0
4597,2
4600,4
4601,1
4602,3
4603,3
4604,1
4606,3
4609,1
4610,0
4611,3
4612,3
4614,2
4617,2
4618,0
4619,1
4621,1
4622,3
4623,3
4625,0
4626,4
4627,4
4629,3
4632,2
4634,3
4636,2
4639,1
4640,1
4641,1
4644,2
4646,3
4647,1
4648,0
4649,2
4650,3
4652,3
4657,3
4658,0
4659,1
4661,3
4664,1
4666,0
4667,4
4670,2
4671,0
4672,2
4673,4
4675,3
4676,0
4678,1
4680,2
4681,4
4682,1
4683,1
4684,3
4686,3
4687,4
4689,0
4690,1
4691,3
4692,3
4694,3
4695,3
4696,0
4698,4
4699,3
4702,0
4703,3
4704,0
4705,0
4706,0
4708,2
4710,2
4711,0
4713,3
4716,1
4719,4
4720,3
4721,0
4722,4
4723,3
4725,2
4726,2
4727,1
4728,1
4729,0
4732,2
4734,0
4735,3
4737,1
4739,2
4740,1
4741,0
4749,1
4755,2
4758,2
4760,2
4761,4
4763,2
4764,4
4767,4
4768,0
4769,0
4770,3
4771,3
4774,0
4775,1
4776,4
4777,0
4779,2
4780,4
4781,0
4783,0
4786,3
4787,0
4788,0
4789,1
4790,1
4791,2
4794,2
4795,0
4797,4
4799,4
4805,1
4806,3
4807,1
4808,3
4809,1
4810,2
4812,2
4813,3
4814,3
4815,0
4816,2
4817,4
4819,4
4820,0
4822,4
4826,2
4827,3
4828,2
4829,0
4830,2
4832,0
4833,1
4838,3
4842,4
4843,1
4845,1
4846,2
4847,2
4848,2
4849,1
4850,4
4851,2
4852,2
4853,3
4854,4
4855,3
4856,2
4857,4
4859,1
4860,0
4862,0
4863,0
4864,0
4866,4
4867,3
4869,1
4871,2
4873,4
4874,2
4875,0
4876,3
4878,2
4880,4
4882,2
4883,1
4884,3
4886,1
4887,1
4888,1
4889,2
4890,4
4892,3
4895,4
4896,3
4897,4
4898,3
4899,2
4900,3
4902,3
4905,4
4906,1
4907,2
4909,3
4912,3
4914,0
4917,4
4918,3
4919,1
4920,4
4921,3
4922,3
4924,2
4925,3
4930,3
4933,3
4934,0
4935,1
4936,0
4937,4
4938,1
4939,0
4942,3
4943,3
4945,4
4946,0
4948,2
4952,3
4953,4
4956,2
4957,3
4959,2
4961,1
4962,2
4963,0
4964,1
4965,1
4967,4
4969,4
4972,1
4974,0
4975,3
4976,0
4977,1
4978,1
4979,4
4980,3
4981,1
4983,1
4988,3
4989,3
4990,2
4991,1
4992,2
4996,1
4997,0
4998,3
4999,2
5004,4
5005,0
5006,2
5007,4
5008,2
5009,3
5010,2
5011,0
5012,2
5013,0
5014,1
5016,3
5018,0
5020,2
5022,3
5024,1
5026,1
5027,0
5028,0
5029,3
5030,2
5031,0
5032,1
5033,0
5036,0
5037,2
5039,0
5041,1
5044,1
5045,4
5046,1
5047,0
5048,0
5052,2
5053,0
5055,4
5058,4
5060,4
5062,0
5063,1
5066,1
5067,3
5069,0
5070,1
5071,1
5073,3
5074,3
5077,3
5078,3
5080,3
5083,0
5084,1
5085,1
5086,2
5087,2
5092,1
5093,0
5094,2
5096,1
5097,0
5098,2
5099,2
5102,0
5103,1
5105,0
5106,3
5108,3
5110,2
5112,0
5115,2
5118,3
5119,4
5121,2
5122,3
5124,1
5126,2
5129,0
5131,1
5133,4
5135,2
5136,3
5138,1
5139,4
5140,4
5142,3
5144,4
5145,1
5147,4
5148,2
5150,1
5151,1
5153,4
5154,0
5155,3
5156,4
5157,3
5158,3
5159,3
5160,3
5163,3
5164,3
5165,2
5166,0
5169,4
5170,4
5173,2
5174,1
5175,0
5178,2
5179,4
5180,3
5181,2
5182,3
5184,4
5185,0
5187,1
5188,2
5192,2
5193,1
5196,0
5197,4
5198,1
5199,1
5200,2
5201,2
5202,2
5203,0
5204,4
5206,3
5207,1
5209,4
5210,2
5211,1
5212,0
5214,3
5217,4
5219,0
5220,2
5221,2
5222,2
5224,2
5225,3
5228,0
5229,0
5235,3
5237,0
5238,1
5239,2
5240,3
5241,3
5243,0
5244,4
5246,4
5247,1
5249,1
5254,3
5256,0
5258,1
5259,0
5260,1
5263,0
5264,3
5266,4
5267,2
5268,4
5270,0
5272,4
5275,1
5277,2
5278,2
5279,2
5280,4
5281,0
5284,3
5288,2
5289,2
5290,3
5292,0
5293,1
5296,3
5298,0
5299,0
5300,4
5302,1
5305,4
5306,0
5308,2
5309,1
5310,1
5313,4
5314,0
5318,2
5319,1
5320,0
5321,4
5323,2
5324,1
5325,3
5326,2
5327,4
5328,0
5331,0
5332,2
5333,0
5335,2
5336,2
5337,1
5338,0
5339,1
5341,3
5342,4
5344,4
5347,3
5349,4
5350,1
5351,3
5352,4
5354,2
5355,0
5356,3
5357,3
5361,2
5363,1
5364,2
5365,0
5366,2
5368,1
5371,0
5374,3
5375,1
5376,0
5377,2
5379,0
5380,4
5381,1
5382,4
5383,1
5384,0
5385,0
5386,1
5388,1
5390,2
5391,2
5392,2
5393,0
5394,2
5395,4
5398,4
5399,4
5401,3
5402,0
5404,4
5407,2
5410,3
5411,1
5412,2
5413,3
5414,0
5416,4
5418,0
5420,2
5421,0
5423,1
5424,2
5425,1
5426,4
5427,3
5428,2
5429,1
5430,0
5431,1
5432,3
5433,0
5434,2
5435,0
5436,2
5438,3
5439,4
5440,0
5441,2
5443,0
5444,4
5445,4
5446,2
5447,1
5448,2
5450,2
5451,4
5452,0
5453,2
5454,2
5456,2
5457,3
5458,4
5459,1
5460,0
5461,1
5463,4
5464,3
5468,0
5470,3
5472,4
5475,4
5477,2
5480,3
5481,2
5482,2
5483,2
5484,1
5485,3
5490,1
5491,3
5492,4
5493,4
5495,1
5497,3
5504,1
5506,1
5507,1
5508,2
5509,4
5511,4
5512,2
5515,0
5516,2
5517,0
5519,3
5520,1
5521,4
5524,2
5527,1
5531,2
5535,1
5536,1
5538,2
5539,2
5540,1
5543,0
5544,0
5547,2
5548,2
5552,0
5557,1
5560,4
5561,1
5562,4
5563,1
5564,2
5565,4
5567,4
5568,0
5570,3
5571,3
5572,3
5573,3
5575,1
5576,4
5577,3
5578,4
5579,4
5580,3
5581,4
5582,2
5583,4
5587,2
5590,1
5592,2
5593,2
5594,2
5597,3
5598,4
5599,1
5600,1
5601,0
5603,3
5604,2
5605,3
5607,1
5608,1
5609,1
5610,4
5613,4
5614,0
5615,1
5616,4
5618,4
5619,2
5620,0
5624,0
5625,0
5626,3
5627,3
5629,1
5630,4
5636,2
5638,4
5639,4
5640,1
5641,3
5643,2
5644,3
5647,0
5648,0
5652,1
5653,4
5654,1
5655,3
5656,1
5657,1
5658,3
5659,1
5662,2
5666,4
5667,1
5669,3
5672,1
5673,3
5680,0
5682,1
5683,2
5684,1
5686,4
5690,2
5694,4
5695,0
5698,4
5700,0
5701,3
5702,2
5703,0
5704,4
5707,0
5708,1
5709,4
5710,2
5711,0
5715,1
5716,2
5717,3
5718,0
5719,1
5720,0
5722,1
5723,4
5724,1
5725,4
5726,0
5727,4
5729,1
5730,4
5731,0
5732,1
5734,2
5736,1
5738,4
5739,3
5740,1
5741,2
5742,4
5743,0
5746,1
5747,4
5748,3
5749,0
5751,4
5752,3
5754,1
5755,0
5757,4
5760,2
5762,1
5763,2
5764,1
5767,1
5768,0
5770,4
5771,1
5774,4
5775,1
5776,2
5780,0
5782,4
5784,1
5785,4
5786,4
5787,4
5788,1
5789,2
5791,3
5792,0
5793,4
5795,0
5796,0
5797,4
5799,4
5800,2
5803,2
5804,1
5805,0
5806,0
5807,1
5809,1
5810,3
5811,4
5814,1
5815,4
5817,2
5818,4
5819,4
5822,2
5823,4
5825,3
5826,0
5827,0
5828,0
5829,0
5830,0
5831,3
5832,3
5836,1
5838,3
5839,4
5841,3
5842,0
5843,2
5844,2
5845,2
5848,2
5849,3
5850,2
5851,2
5852,4
5854,3
5855,0
5856,1
5858,2
5859,4
5860,3
5863,3
5865,4
5866,4
5868,2
5870,3
5871,2
5872,0
5873,0
5874,3
5875,4
5876,0
5877,1
5879,2
5880,2
5881,3
5882,1
5885,2
5887,4
5888,3
5890,2
5893,4
5894,1
5896,1
5899,0
5901,4
5902,0
5903,4
5906,2
5908,1
5909,4
5912,3
5915,2
5916,2
5917,2
5919,0
5921,3
5922,2
5923,0
5924,0
5925,3
5926,3
5929,0
5930,3
5931,3
5932,0
5933,4
5934,0
5935,2
5937,3
5939,0
5940,1
5941,2
5942,4
5943,3
5944,2
5945,4
5948,4
5949,0
5950,4
5951,0
5952,4
5955,1
5956,1
5957,1
5959,4
5962,2
5964,0
5965,3
5966,1
5967,1
5969,3
5970,2
5973,1
5974,3
5976,0
5977,2
5978,1
5981,1
5982,1
5983,4
5984,4
5985,1
5986,4
5987,0
5988,1
5989,0
5990,3
5991,1
5992,1
5995,2
5999,2
6000,1
6001,1
6003,4
6004,3
6005,0
6006,3
6007,0
6008,4
6009,2
6010,3
6012,4
6013,2
6014,0
6015,1
6017,0
6018,0
6019,0
6020,2
6021,3
6022,2
6023,4
6024,0
6026,0
6028,1
6029,0
6030,0
6031,2
6033,3
6035,1
6036,0
6037,3
6039,2
6040,4
6041,0
6045,0
6046,1
6047,2
6048,2
6049,1
6052,2
6053,0
6054,3
6055,3
6059,0
6061,3
6063,0
6064,3
6066,0
6067,1
6068,0
6070,0
6071,4
6072,4
6073,4
6080,1
6081,2
6082,2
6084,3
6088,4
6089,3
6092,1
6093,4
6094,1
6095,3
6096,4
6097,4
6099,1
6100,2
6101,1
6103,3
6104,0
6105,1
6106,4
6107,4
6108,0
6110,3
6112,3
6113,2
6115,1
6116,2
6117,1
6118,0
6121,2
6122,1
6123,1
6127,4
6131,4
6133,0
6134,0
6139,0
6140,2
6142,4
6143,3
6144,1
6148,2
6150,0
6151,3
6152,4
6155,0
6157,4
6158,1
6160,1
6161,3
6162,3
6166,2
6167,4
6168,0
6171,4
6172,4
6174,1
6176,0
6178,1
6181,0
6183,3
6185,0
6188,1
6189,4
6191,2
6192,3
6193,0
6194,1
6195,0
6196,4
6197,3
6199,3
6200,2
6202,0
6205,0
6206,0
6207,2
6213,0
6215,0
6216,1
6217,2
6218,4
6220,2
6221,0
6222,3
6227,3
6230,4
6231,0
6232,0
6234,0
6236,0
6238,1
6239,0
6240,1
6241,4
6244,0
6247,0
6248,1
6249,0
6250,4
6252,3
6253,1
6257,4
6261,0
6262,2
6263,4
6264,1
6265,3
6266,2
6268,1
6270,2
6273,3
6275,4
6277,1
6278,2
6279,2
6281,4
6282,2
6287,2
6288,2
6290,1
6291,1
6293,1
6294,4
6295,3
6298,4
6299,4
6300,0
6302,4
6303,4
6305,1
6306,0
6307,4
6309,1
6311,2
6312,1
6314,3
6316,1
6320,3
6322,1
6323,0
6324,3
6326,1
6327,2
6328,4
6330,4
6333,1
6335,4
6337,0
6338,0
6339,1
6341,4
6342,0
6343,2
6344,3
6345,3
6348,2
6350,4
6352,3
6354,2
6355,2
6358,1
6359,0
6361,0
6363,4
6364,1
6365,3
6366,2
6367,3
6368,3
6370,3
6372,4
6373,4
6376,2
6380,4
6381,1
6382,1
6385,2
6388,2
6389,3
6390,4
6391,3
6393,3
6394,0
6395,4
6396,1
6398,3
6400,4
6402,3
6403,1
6405,1
6407,1
6408,0
6409,3
6410,1
6411,3
6414,0
6415,2
6416,0
6417,2
6419,2
6421,0
6423,0
6424,3
6427,4
6428,4
6429,2
6430,1
6431,1
6435,4
6437,4
6439,0
6441,1
6442,3
6443,0
6444,4
6447,1
6448,1
6449,2
6450,4
6452,2
6453,4
6454,2
6456,4
6457,1
6459,3
6460,3
6462,1
6463,1
6464,1
6465,2
6467,3
6470,4
6471,3
6473,2
6474,2
6475,4
6476,4
6477,1
6478,1
6480,1
6482,1
6485,3
6487,0
6488,1
6489,3
6490,1
6491,3
6492,0
6497,4
6498,0
6499,3
6501,1
6503,0
6506,1
6508,4
6509,3
6510,0
6511,0
6513,0
6515,4
6516,3
6518,1
6519,3
6520,1
6522,1
6523,0
6524,3
6525,4
6526,4
6527,3
6528,1
6529,4
6530,3
6533,1
6534,3
6535,3
6536,2
6538,2
6539,4
6543,2
6544,1
6547,0
6549,0
6551,0
6554,4
6555,4
6558,3
6559,4
6561,0
6562,0
6565,1
6566,0
6567,2
6569,3
6570,3
6571,4
6572,1
6573,3
6574,1
6575,2
6577,2
6579,1
6582,3
6584,2
6586,2
6590,3
6591,2
6592,1
6593,3
6595,1
6596,4
6597,2
6598,2
6599,3
6600,4
6601,4
6602,1
6604,0
6605,1
6607,3
6609,0
6611,3
6612,2
6613,4
6614,0
6615,3
6616,1
6617,0
6618,0
6619,4
6620,3
6622,3
6624,2
6626,3
6627,1
6628,3
6629,4
6630,4
6631,1
6632,0
6633,0
6635,0
6636,1
6637,3
6638,2
6639,3
6642,4
6644,3
6648,1
6655,0
6656,3
6659,0
6662,4
6663,1
6664,3
6666,2
6667,2
6668,0
6669,2
6671,3
6672,2
6673,3
6674,4
6676,3
6677,2
6678,0
6680,3
6681,2
6682,4
6684,3
6685,0
6686,2
6687,4
6689,4
6690,3
6691,3
6693,2
6697,0
6698,2
6700,4
6701,1
6703,2
6704,2
6705,3
6706,2
6707,3
6708,1
6710,1
6711,3
6713,3
6714,4
6718,3
6719,0
6720,1
6721,0
6725,2
6727,2
6730,1
6732,3
6734,1
6735,1
6736,3
6738,3
6739,2
6740,3
6741,2
6742,3
6743,0
6746,3
6747,3
6748,4
6749,1
6750,4
6752,1
6753,1
6756,3
6758,0
6760,3
6761,4
6762,4
6763,0
6764,1
6765,0
6767,0
6768,2
6771,1
6772,0
6776,4
6777,2
6778,1
6779,2
6780,3
6782,4
6783,0
6784,0
6787,3
6788,4
6789,3
6790,1
6792,3
6794,1
6795,0
6798,3
6799,0
6800,0
6803,4
6805,2
6806,1
6807,1
6808,1
6809,4
6810,0
6811,0
6812,2
6814,0
6815,2
6818,4
6819,4
6822,3
6823,1
6824,0
6825,4
6826,2
6827,2
6828,2
6829,0
6831,3
6833,2
6836,0
6837,4
6841,3
6843,2
6845,2
6846,2
6848,3
6849,1
6850,3
6853,3
6854,0
6855,1
6857,4
6858,3
6859,2
6860,2
6861,0
6862,3
6863,0
6864,0
6867,1
6868,4
6869,0
6870,3
6871,4
6872,4
6873,1
6874,0
6875,3
6876,2
6878,0
6880,4
6881,4
6882,0
6885,1
6890,0
6891,2
6892,3
6893,2
6894,3
6895,2
6897,3
6899,1
6900,3
6901,2
6902,1
6904,3
6908,3
6910,1
6911,0
6912,2
6913,0
6917,4
6918,0
6919,4
6920,0
6921,1
6922,0
6923,1
6924,4
6925,4
6926,1
6927,3
6928,4
6929,0
6930,4
6931,1
6932,2
6933,2
6934,2
6935,3
6936,2
6937,0
6939,1
6940,4
6944,2
6945,4
6946,1
6947,0
6950,1
6951,4
6953,4
6954,2
6958,1
6960,0
6961,1
6962,2
6963,0
6965,3
6966,3
6967,4
6968,3
6969,2
6972,0
6973,0
6974,2
6975,0
6976,0
6977,4
6978,2
6979,2
6980,4
6981,0
6982,3
6983,3
6984,2
6986,3
6987,3
6989,2
6990,0
6991,2
6993,1
6996,3
6997,2
6998,2
6999,4
7000,4
7002,1
7003,0
7004,1
7005,4
7006,3
7007,3
7008,1
7009,4
7014,3
7015,4
7017,0
7019,1
7021,1
7022,2
7024,3
7025,4
7027,1
7028,0
7031,0
7032,0
7033,1
7034,0
7035,0
7037,4
7038,0
7039,2
7040,0
7041,0
7042,3
7044,0
7045,3
7046,1
7048,4
7049,1
7050,3
7051,3
7052,3
7053,2
7056,1
7058,0
7059,1
7060,0
7061,2
7062,3
7063,2
7065,4
7066,1
7068,2
7070,4
7071,2
7073,3
7075,4
7076,1
7077,1
7078,0
7082,1
7084,2
7085,0
7086,2
7087,2
7089,4
7090,2
7091,2
7092,2
7094,3
7095,1
7096,0
7097,0
7098,1
7099,1
7100,4
7101,2
7102,2
7103,0
7104,1
7107,3
7108,0
7110,1
7111,4
7112,0
7115,0
7117,3
7119,4
7120,2
7121,2
7122,3
7125,3
7126,2
7128,0
7129,4
7130,2
7133,4
7134,4
7135,3
7136,2
7137,0
7138,4
7139,4
7141,3
7142,2
7143,3
7144,3
7147,1
7148,3
7151,3
7152,1
7154,3
7156,3
7157,2
7158,2
7159,0
7160,0
7161,0
7162,0
7166,1
7167,2
7168,1
7169,3
7170,3
7171,2
7173,3
7175,4
7177,3
7180,3
7182,3
7183,0
7184,3
7185,2
7186,2
7189,3
7190,1
7191,0
7192,1
7193,1
7195,4
7196,2
7197,3
7198,2
7200,0
7203,1
7204,2
7205,4
7207,4
7209,0
7210,2
7212,4
7213,4
7214,4
7215,3
7217,2
7219,3
7221,0
7223,2
7227,2
7229,2
7231,0
7232,4
7233,3
7234,4
7236,2
7237,4
7238,2
7240,4
7241,4
7242,3
7243,1
7244,4
7246,3
7253,3
7256,1
7257,2
7258,1
7259,1
7260,3
7262,1
7263,1
7264,4
7265,1
7267,3
7268,1
7269,3
7270,4
7271,2
7274,2
7275,2
7277,0
7279,0
7280,2
7282,1
7287,3
7288,2
7290,3
7291,4
7294,4
7297,3
7298,2
7299,2
7300,0
7301,4
7303,1
7306,2
7307,4
7308,3
7309,3
7312,3
7313,4
7314,2
7315,2
7316,2
7318,3
7319,1
7320,0
7322,0
7323,4
7324,0
7328,0
7331,1
7334,4
7337,0
7338,3
7341,2
7342,0
7343,3
7344,2
7346,1
7347,4
7350,2
7351,1
7352,3
7353,4
7355,4
7356,0
7358,4
7359,3
7360,3
7362,4
7363,1
7364,4
7365,3
7367,1
7368,3
7369,0
7372,4
7373,1
7374,1
7375,2
7376,3
7377,3
7378,3
7379,0
7381,4
7382,2
7383,2
7384,0
7385,3
7386,0
7388,3
7389,0
7390,4
7391,2
7394,1
7395,0
7398,2
7399,0
7400,2
7401,2
7403,4
7405,2
7408,3
7412,1
7413,3
7414,3
7415,3
7417,4
7418,1
7421,4
7423,1
7424,4
7426,2
7429,4
7432,3
7433,2
7435,0
7437,1
7439,4
7440,0
7441,3
7444,0
7445,2
7446,1
7447,4
7449,2
7450,4
7451,2
7453,3
7455,4
7457,0
7458,1
7459,2
7460,0
7462,1
7464,3
7465,4
7466,4
7471,2
7474,3
7475,2
7476,0
7479,3
7482,0
7483,3
7484,0
7487,1
7488,1
7489,2
7493,4
7495,0
7497,4
7499,1
7500,4
7501,0
7502,2
7503,2
7504,2
7505,2
7506,1
7507,3
7508,1
7509,0
7511,1
7513,2
7516,1
7517,1
7518,1
7521,2
7523,0
7527,4
7528,0
7529,4
7530,4
7532,4
7534,3
7535,0
7536,4
7537,4
7538,2
7539,1
7540,4
7547,1
7548,1
7549,4
7550,3
7553,0
7557,1
7560,2
7562,0
7563,3
7565,4
7566,4
7568,3
7569,0
7570,4
7571,4
7572,4
7575,3
7578,0
7580,3
7582,2
7583,1
7584,0
7585,0
7587,2
7588,1
7592,4
7593,2
7594,4
7596,4
7597,1
7598,4
7599,4
7602,1
7603,0
7604,0
7605,3
7607,4
7608,3
7609,3
7613,0
7615,2
7618,4
7621,1
7622,1
7624,3
7626,1
7628,3
7631,1
7632,0
7633,3
7635,3
7636,1
7637,2
7638,1
7641,0
7642,2
7643,4
7646,1
7649,2
7650,0
7652,2
7653,4
7655,2
7657,4
7659,3
7660,1
7661,4
7664,0
7665,4
7666,4
7670,2
7673,4
7674,0
7675,1
7676,0
7677,3
7679,2
7680,1
7682,0
7686,4
7689,3
7690,3
7695,0
7696,1
7700,0
7701,4
7702,4
7705,4
7707,1
7708,3
7712,0
7713,4
7715,4
7716,3
7717,2
7719,4
7720,3
7721,2
7722,2
7723,3
7725,1
7726,4
7728,2
7729,3
7730,4
7731,2
7732,2
7735,3
7736,1
7738,0
7740,0
7741,4
7742,0
7744,0
7746,3
7747,3
7748,0
7752,4
7753,1
7754,4
7755,0
7761,4
7764,1
7767,4
7768,2
7769,0
7770,2
7771,4
7772,4
7773,2
7775,4
7776,4
7777,0
7780,3
7782,0
7783,2
7785,4
7787,4
7788,1
7790,2
7791,3
7793,3
7794,3
7795,4
7796,3
7798,1
7799,0
7801,1
7803,0
7804,0
7807,0
7808,1
7809,3
7810,4
7813,2
7819,0
7820,4
7821,1
7822,4
7825,1
7826,3
7827,3
7829,0
7830,2
7831,2
7832,2
7833,1
7836,1
7837,2
7841,3
7842,0
7845,2
7846,2
7847,4
7848,3
7849,1
7853,0
7856,1
7857,0
7858,2
7860,0
7861,1
7863,3
7864,0
7865,3
7866,2
7867,2
7870,2
7871,4
7873,0
7875,1
7876,1
7877,1
7879,0
7880,3
7883,0
7885,2
7888,0
7889,1
7890,1
7891,0
7892,4
7893,0
7895,3
7896,1
7898,2
7900,4
7902,1
7903,3
7904,1
7909,4
7911,3
7912,2
7914,4
7915,4
7916,1
7918,1
7919,3
7920,2
7922,4
7923,4
7924,1
7926,1
7928,3
7929,1
7930,4
7932,3
7933,0
7934,3
7936,2
7937,3
7940,1
7941,4
7942,2
7943,2
7944,1
7946,3
7949,0
7950,2
7951,0
7952,2
7953,3
7955,2
7957,0
7958,0
7959,3
7963,1
7964,2
7965,0
7967,1
7969,1
7971,2
7973,1
7974,4
7976,1
7980,4
7981,2
7983,0
7984,0
7986,2
7987,2
7989,3
7991,1
7992,4
7994,3
7995,3
7996,0
7998,0
7999,3
8000,0
8001,2
8002,2
8003,1
8004,2
8006,0
8007,0
8008,1
8009,2
8010,0
8011,1
8012,3
8015,0
8016,3
8017,0
8020,2
8022,3
8023,4
8024,2
8025,2
8026,4
8027,1
8028,4
8031,4
8033,1
8034,1
8035,3
8036,1
8037,4
8038,4
8039,2
8040,0
8041,4
8042,2
8043,3
8046,4
8047,3
8048,2
8051,0
8054,3
8055,1
8056,2
8057,4
8060,1
8061,4
8062,2
8063,4
8064,2
8067,1
8068,0
8071,3
8073,4
8074,1
8078,4
8079,3
8082,2
8084,4
8086,1
8087,2
8088,1
8090,0
8091,3
8092,3
8093,3
8094,2
8096,3
8097,4
8098,2
8099,3
8101,3
8102,1
8103,0
8104,2
8105,3
8107,1
8108,3
8110,3
8111,1
8113,1
8114,2
8120,3
8121,3
8123,4
8125,2
8126,4
8127,0
8128,2
8129,2
8131,2
8132,3
8133,2
8134,3
8135,0
8137,2
8138,3
8139,2
8140,1
8142,0
8144,4
8147,3
8150,2
8151,3
8155,0
8156,0
8158,1
8160,3
8161,4
8162,3
8163,4
8164,1
8165,1
8167,0
8168,4
8170,3
8171,2
8172,2
8173,0
8174,0
8175,0
8176,0
8177,0
8179,3
8180,0
8181,1
8183,1
8184,2
8187,2
8188,2
8189,1
8190,2
8194,4
8195,3
8196,4
8198,1
8199,1
8200,3
8201,2
8202,4
8203,4
8204,1
8205,4
8207,1
8208,0
8210,0
8211,1
8213,4
8215,0
8217,1
8218,3
8220,1
8222,4
8223,2
8224,1
8226,3
8227,2
8229,3
8230,3
8231,3
8234,4
8235,1
8236,4
8237,3
8239,1
8240,1
8241,0
8243,1
8246,4
8247,0
8249,4
8251,0
8252,2
8253,1
8254,4
8255,4
8256,0
8257,0
8259,1
8262,1
8266,0
8268,1
8270,0
8272,1
8274,1
8275,2
8277,4
8278,2
8279,1
8281,1
8282,1
8283,3
8284,3
8285,3
8288,4
8289,3
8296,1
8297,4
8298,2
8299,1
8300,2
8301,1
8303,3
8307,3
8308,0
8309,0
8310,4
8311,4
8313,2
8315,1
8316,4
8320,1
8321,3
8322,4
8323,4
8324,0
8327,1
8328,0
8330,4
8331,2
8333,2
8334,3
8335,0
8337,0
8342,3
8344,0
8345,0
8346,1
8348,2
8349,1
8351,3
8352,3
8353,4
8356,0
8357,1
8358,4
8359,4
8360,3
8361,1
8362,3
8363,0
8365,1
8366,1
8367,0
8369,1
8370,3
8372,3
8374,2
8375,1
8377,2
8378,3
8380,3
8381,2
8382,0
8383,1
8384,0
8385,2
8386,4
8387,2
8389,1
8390,0
8391,3
8392,0
8393,3
8394,0
8396,1
8397,2
8399,4
8400,4
8401,2
8402,1
8407,2
8408,1
8409,1
8414,2
8415,3
8416,1
8417,4
8418,3
8419,3
8420,2
8422,3
8423,0
8424,0
8429,0
8430,4
8431,2
8432,4
8433,4
8435,2
8438,1
8439,0
8442,0
8444,0
8445,0
8448,0
8449,1
8450,2
8451,2
8452,0
8454,3
8456,0
8459,3
8462,3
8465,1
8466,1
8467,0
8468,0
8469,1
8470,3
8471,4
8472,3
8473,1
8475,1
8477,1
8478,2
8479,4
8481,0
8482,4
8483,2
8484,0
8485,3
8486,1
8487,3
8488,1
8489,3
8492,1
8493,1
8494,1
8495,4
8497,0
8500,4
8501,2
8502,1
8505,0
8506,4
8508,1
8509,4
8511,4
8512,4
8513,0
8514,2
8518,3
8520,3
8523,3
8525,3
8527,2
8528,2
8529,2
8530,4
8531,4
8532,2
8533,2
8536,2
8537,1
8539,3
8544,3
8545,1
8546,2
8547,2
8548,2
8552,3
8553,0
8555,1
8556,2
8557,0
8558,4
8559,2
8565,0
8566,1
8567,4
8568,4
8569,3
8570,4
8573,1
8574,3
8575,3
8576,2
8577,2
8578,2
8581,4
8582,1
8583,4
8584,4
8586,1
8587,2
8588,1
8589,0
8592,1
8593,0
8595,2
8597,4
8598,0
8600,4
8601,1
8602,3
8603,2
8604,1
8605,2
8607,0
8608,0
8610,2
8612,0
8613,1
8614,4
8615,2
8616,1
8617,1
8620,1
8622,0
8623,4
8624,1
8625,0
8627,1
8628,1
8630,1
8631,2
8633,4
8634,0
8636,2
8638,4
8640,3
8642,4
8643,4
8644,2
8646,3
8647,1
8649,4
8650,1
8652,4
8653,3
8654,3
8656,3
8657,3
8661,2
8664,4
8665,1
8668,1
8669,0
8670,0
8671,2
8673,1
8674,1
8676,3
8677,3
8682,0
8683,0
8686,0
8687,3
8688,0
8689,3
8691,2
8692,1
8693,1
8695,1
8696,3
8697,2
8698,1
8700,0
8701,2
8702,1
8703,3
8704,3
8705,3
8706,0
8707,3
8708,0
8710,1
8713,3
8714,4
8715,0
8716,1
8718,3
8719,1
8721,4
8722,2
8723,0
8724,3
8726,4
8729,3
8730,2
8733,3
8735,2
8736,0
8737,4
8739,2
8740,3
8742,0
8743,1
8744,1
8745,3
8746,3
8748,4
8749,0
8750,4
8751,3
8753,4
8754,0
8757,3
8758,3
8759,3
8762,3
8763,0
8772,2
8775,0
8777,3
8779,0
8780,4
8783,3
8784,1
8788,1
8789,2
8790,2
8791,0
8794,3
8797,2
8798,4
8799,2
8801,3
8802,2
8803,3
8804,4
8805,2
8806,3
8810,1
8811,1
8812,3
8816,0
8817,4
8818,1
8819,2
8820,3
8822,3
8824,1
8825,2
8826,1
8827,3
8830,4
8831,4
8832,1
8835,2
8836,2
8837,4
8839,4
8840,4
8841,2
8844,4
8845,3
8847,1
8848,1
8849,2
8850,2
8851,4
8853,2
8854,1
8855,2
8857,4
8859,2
8860,4
8861,2
8862,3
8863,2
8864,3
8865,4
8866,0
8867,0
8869,3
8870,3
8874,0
8877,2
8878,3
8879,3
8880,4
8881,4
8882,1
8883,3
8884,0
8885,2
8886,0
8887,3
8890,1
8891,3
8892,1
8893,0
8896,1
8897,2
8898,2
8899,3
8902,1
8903,0
8904,1
8906,0
8907,1
8908,1
8909,1
8910,3
8911,2
8912,4
8913,4
8914,2
8915,2
8918,1
8919,3
8920,4
8922,4
8923,2
8924,2
8925,0
8927,0
8928,1
8929,3
8930,4
8931,3
8933,4
8936,1
8937,4
8939,2
8941,1
8942,1
8943,1
8945,0
8946,4
8947,1
8949,0
8951,4
8954,4
8956,4
8957,4
8958,1
8960,0
8961,0
8962,0
8963,2
8967,1
8968,0
8971,1
8972,3
8974,2
8975,3
8976,0
8978,2
8979,3
8980,4
8982,0
8983,2
8985,1
8988,1
8990,0
8991,4
8992,1
8993,0
8995,2
8996,4
8997,0
8998,4
8999,2
9000,0
9002,3
9007,3
9008,0
9009,3
9010,0
9012,0
9013,0
9014,3
9015,4
9017,0
9019,3
9020,0
9022,2
9023,3
9024,0
9025,2
9026,3
9027,0
9029,2
9030,3
9031,2
9032,0
9036,4
9037,4
9040,0
9042,0
9043,2
9044,0
9046,4
9047,2
9048,0
9049,0
9050,3
9052,2
9053,2
9054,4
9055,4
9056,2
9057,3
9058,2
9059,3
9060,0
9062,2
9063,0
9064,1
9066,2
9068,1
9071,2
9072,4
9073,4
9074,4
9077,0
9079,3
9081,2
9082,2
9083,4
9084,0
9085,3
9086,2
9087,1
9088,4
9089,1
9090,3
9091,1
9092,2
9094,4
9095,2
9096,2
9097,0
9099,4
9100,2
9101,3
9106,2
9108,2
9112,0
9115,4
9121,1
9124,4
9125,2
9126,3
9127,4
9128,4
9129,2
9131,0
9133,0
9134,1
9135,0
9137,0
9138,4
9139,3
9145,4
9146,4
9147,0
9148,1
9150,4
9151,4
9152,2
9153,1
9154,4
9155,2
9156,2
9159,2
9161,0
9163,0
9164,4
9166,2
9167,0
9169,3
9170,4
9171,0
9173,2
9175,3
9176,4
9177,3
9179,4
9180,1
9181,0
9182,1
9183,1
9185,0
9187,4
9188,4
9189,4
9190,2
9192,2
9193,4
9197,3
9199,1
9200,3
9201,1
9202,1
9203,0
9204,2
9205,4
9206,3
9208,1
9209,0
9212,2
9216,0
9218,2
9219,0
9220,0
9224,2
9226,3
9229,3
9230,1
9231,3
9232,4
9233,4
9234,3
9235,3
9236,3
9239,2
9244,4
9246,3
9247,3
9248,2
9249,3
9250,1
9251,4
9252,0
9253,1
9254,1
9255,3
9258,3
9261,0
9262,0
9264,3
9265,4
9266,3
9267,2
9268,0
9269,2
9270,2
9272,1
9273,1
9274,2
9276,1
9277,3
9278,1
9279,4
9280,3
9281,4
9282,3
9283,1
9284,1
9285,4
9287,4
9289,1
9290,0
9295,3
9296,2
9299,4
9300,1
9301,3
9306,0
9309,0
9310,1
9311,1
9312,0
9313,1
9316,4
9317,3
9318,3
9319,2
9320,3
9321,2
9322,4
9327,0
9329,4
9330,3
9331,4
9332,1
9333,4
9334,2
9335,2
9336,0
9341,4
9342,4
9343,1
9345,1
9346,2
9347,0
9348,2
9349,2
9351,2
9357,0
9358,0
9359,0
9360,4
9362,0
9363,3
9366,4
9367,4
9368,3
9369,2
9370,3
9371,0
9373,1
9374,4
9375,1
9377,4
9378,4
9379,2
9380,3
9382,2
9383,4
9386,1
9387,0
9390,4
9393,0
9396,1
9399,4
9401,1
9402,2
9403,3
9404,1
9405,3
9406,0
9407,0
9411,4
9412,0
9415,2
9416,4
9417,1
9418,1
9420,0
9421,0
9423,3
9424,1
9425,0
9427,1
9428,1
9430,2
9432,2
9433,4
9435,1
9436,4
9437,4
9442,4
9444,3
9445,0
9446,2
9449,2
9450,0
9451,4
9452,0
9456,4
9458,1
9460,4
9464,2
9465,4
9467,2
9470,0
9471,4
9473,0
9474,2
9475,2
9477,1
9479,1
9480,3
9481,0
9482,3
9484,0
9486,2
9487,2
9489,4
9490,0
9491,0
9492,0
9494,4
9495,4
9498,0
9499,2
9501,1
9505,2
9506,3
9507,0
9509,2
9511,0
9512,0
9514,3
9521,1
9522,0
9524,1
9525,3
9526,2
9527,0
9528,4
9529,0
9530,4
9531,3
9537,3
9538,1
9539,4
9542,2
9546,3
9549,0
9550,2
9551,3
9552,0
9554,0
9555,0
9556,2
9557,4
9559,2
9561,0
9562,4
9563,0
9564,1
9565,3
9566,2
9572,0
9574,2
9576,0
9577,3
9579,4
9580,3
9582,0
9583,4
9584,3
9585,4
9586,2
9587,0
9588,0
9589,0
9592,0
9594,4
9596,4
9598,3
9599,2
9603,4
9606,0
9607,4
9608,1
9609,2
9611,2
9612,1
9613,0
9614,1
9615,2
9616,0
9618,0
9619,4
9620,3
9622,2
9624,1
9626,0
9627,4
9631,2
9634,4
9635,0
9636,2
9638,4
9641,4
9642,1
9643,2
9645,1
9646,2
9647,1
